artistName,albumName,trackName,uri
Seven Lions,Worlds Apart,Strangers,spotify:track:4oaOiFsrOQFqRnIU3hg3cM
Duumu,What Feels Right,What Feels Right,spotify:track:5CQsCAsc0XGQeQ2mE9zctv
DEXTER KING,Unbroken,Unbroken,spotify:track:7siOB9qcbejPmH2bkqR3su
American Authors,"Oh, What A Life",Best Day Of My Life,spotify:track:5Hroj5K7vLpIG4FNCRIjbP
Jungeli,T’étais où ?,T’étais où ?,spotify:track:1q6nM8Y7NJDsgFknLfZfp4
1da Banton,Original Vibe Machine,No Wahala,spotify:track:4vHy2IHzf3EabEa7oMpUZB
SVRRIC,Fall To My Grave,Fall To My Grave,spotify:track:3Wbf44T1f7SiRNMvI5ojit
Zedd,Telos,Tangerine Rays (feat. Bea Miller),spotify:track:5D5UVZe2jPOiYrmPjjBhNa
Arlow,Feel So Lucky,Feel So Lucky,spotify:track:5s0DbNdLAsYbEvDH29tLIV
AdhesiveWombat,Marsupial Madness,8 Bit Adventure,spotify:track:5Cw6SX4MtdaOvM0GbN5g7j
Tame Impala,Currents,The Less I Know The Better,spotify:track:6K4t31amVTZDgR3sKmwUJJ
Ogryzek,EMPIRE,EMPIRE,spotify:track:7vJ8crYEBNT45NNAdnNoQL
Ruger,RnB,POE,spotify:track:52Krs3LCqtcfeiWUvhxncK
Aya Nakamura,42,42,spotify:track:1xHHbz3YLEbqAuQFkM9Zcg
JVKE,this is what losing someone feels like,this is what losing someone feels like,spotify:track:38tKvVe3iURKRFm5X50zLZ
Lost Sky,Darkness,Darkness,spotify:track:2yT6EsKV5GBdd9AO8gd4JJ
Forrest Frank,CHILD OF GOD,NEVER GET USED TO THIS,spotify:track:25f7KnoDqO7nBbPahi15UE
AL3JANDRO,Bury Me with My Gold,So Good,spotify:track:4VBuBhcj7DZwOFTBrZvt1T
Zara Larsson,So Good,Lush Life,spotify:track:1rIKgCH4H52lrvDcz50hS8
melvitto,soon.,Stay (feat. Gabzy),spotify:track:3lMM7eyZ5SeYK1SoZCnmA4
Carly Rae Jepsen,Kiss,Call Me Maybe,spotify:track:20I6sIOMTCkB6w7ryavxtO
James Clarke,Mystery Movie,Relaxed Scene,spotify:track:7oZMxikk5ISnp4pDjwtvQ7
Aya Nakamura,AYA,Jolie nana,spotify:track:65RWVU6N81CeH65nu52K1U
Major Lazer,Music is the Weapon,Que Calor,spotify:track:2jozk0z8f2VISmr83Leyqh
Fairlane,Genesis,Someone Just Like You,spotify:track:5zRer4n5KXcwXLgbvs4w4A
smle,Halo,Halo,spotify:track:2M6AoWQC8nS8xNbSxl3FQA
Wizkid,Morayo,Bad Girl (feat. Asake),spotify:track:2j8n2hpZlEMvtrjJ7n0ZIy
Franglish,Prime,Position,spotify:track:3Zw66L4FvI9YUUx17OReRD
Fireboy DML,APOLLO,Lifestyle,spotify:track:5hXEPdj7dDxfKcowpjiVwf
Ruger,RnB,Romeo Must Die (RMD),spotify:track:4EoYs4KY7oHQpJPTuxD7mU
Doechii,Anxiety,Anxiety,spotify:track:1musbempyJAw5gfSKZHXP9
Tesher,Jalebi Baby (Tesher x Jason Derulo),Jalebi Baby (Tesher x Jason Derulo),spotify:track:6FvSS3Goz7OC8oCC2eWqe8
Kizz Daniel,Barnabas,Pour Me Water,spotify:track:1DrfpnLvbwndPScRLwbUE0
ellis,After Hours,After Hours,spotify:track:0meHszPk08ii2db4GNqS83
Koven,My Love,My Love,spotify:track:2Cy79UEoegeiHJ8gxbqrGV
Smaven,Mafana,Mafana,spotify:track:71gDUvJlPsx5M8ikduhqbs
Ed Sheeran,=,Shivers,spotify:track:50nfwKoDiSYg8zOCREWAm5
JJD,Lighthouse,Lighthouse,spotify:track:1MFnrx6HSx4whenAmvJtna
Maazel,Mirrors,Mirrors,spotify:track:59j1aFqihFjuwZzii7lIYP
Benson Boone,Fireworks & Rollerblades,Beautiful Things,spotify:track:3xkHsmpQCBMytMJNiDf3Ii
Lost Frequencies,All Stand Together,Where Are You Now,spotify:track:3mfER4ORePHvN35cbZ3dkV
Grant,Rocket League x Monstercat Vol. 1,Weapon,spotify:track:2rK7ZlIdlCetWZbQ6PD1e0
Sam Bruno,Hello Hater,Hello Hater - WRLD Remix,spotify:track:6kRfeK8eHHCKaJn0SgMOo6
Gabzy,Jambazz,Jambazz,spotify:track:4FW5bi4wZqMY6cAlVAWGTB
smle,Revival,Revival,spotify:track:78h9LiPeAOYgVXWUMfq0dQ
LOSTWIND,Fractions,Fractions,spotify:track:1dIllXYfIG8VoJf82ujPnv
Libianca,People,People (feat. Ayra Starr & Omah Lay),spotify:track:4AxG1T6UJJ4xCX4Wz6JDLG
FWLR,Hot,Hot,spotify:track:2qOS00vav7CVkOwfkkXktG
JVKE,her,her,spotify:track:6G9YlbU3ByPJQvOFDRdwyM
Afinity,Endless (Best of Me),Endless (Best of Me),spotify:track:1UyiFox8VnAAFRweBDKhy0
DROELOE,A Matter Of Perspective,Sunburn,spotify:track:7uAgqmyJ8PTRXL9WtZfPNe
WRLD,Back to You,Back to You,spotify:track:2McwX5HWJWYsyWxw74Drn5
2NATURAL,Over Again,Over Again,spotify:track:31X4uDq2h3d9eFrrNrfEfX
Teni,Case,Case,spotify:track:5HqngsF3BE19077Ilnw7N5
Ayra Starr,Sability,Sability,spotify:track:5V9XFfvCG4WP5ZdISOLvaF
Haywyre,With Or Without,With Or Without,spotify:track:00gAMKnttfhle0s8FYz7IM
Squeezie,Bye Bye,Bye Bye,spotify:track:43Ca15rXse9SfsEvcJ27js
FAVE,Beautifully,Beautifully,spotify:track:7mFrwc86C3vZKobwpK0jdH
Rogue,Dreams,Dreams,spotify:track:2XGt9OgW0zu2X55NXnmjTa
shams,Somebody to You,Somebody to You,spotify:track:78z2dREauzuSXJtece2oAx
Raven & Kreyn,Dream Forever,Dream Forever,spotify:track:55gWHKzypVh6Pl3QD63N89
Seven Lions,Find Another Way,Remember,spotify:track:3wHlymygKgxwfwKQ8LCaVr
Johann Sebastian Bach,"Glenn Gould plays Bach: The Well-Tempered Clavier Books I & II, BWV 846-893","Prelude & Fugue No. 3 in C-Sharp Major, BWV 848: Fugue No. 3 in C-Sharp Major, BWV 848",spotify:track:5dn5bAnHGie6rsoTvd9Cd0
Grant,Wishes,Contagious,spotify:track:6Da6BPJ2L2bTJDgQ3oe8kH
Primex,LOYALTY,LOYALTY,spotify:track:1ULrsSAT3vAWFHuNWRv0C6
Asake,Mr. Money With The Vibe,Ototo,spotify:track:0CUJV0Hh512Ns7U2yGflqt
Chop Daily,Yanna,Yanna,spotify:track:0b7YcZJ186TaQZzxrxIO1e
Sarz,Happiness (feat. Asake & Gunna),Happiness (feat. Asake & Gunna),spotify:track:6rOqLUy3kp0PVQQEtNPpbQ
Duumu,Forward,Forward,spotify:track:2ay5cmmedtoJn2i8zf6ezi
X-Man,Pineco,Pineco,spotify:track:4qDJJtpkWQae89a2P7qb90
REAPER,DISRUPTOR LP,IMY (feat. Bella Renee),spotify:track:6oosMYrpIekDxg67SV60Va
Highlnd,If You Want To Stay,If You Want To Stay,spotify:track:2vrMnoLTYC6RZ9x0tbWQxu
Dillon Francis,Say Less,Say Less,spotify:track:7l0u38sWDqqk6TySNOZtO3
Conro,Rocket League x Monstercat Vol. 1,All Me,spotify:track:4Vk4PphmHn9NPgUCTEaTEB
Netrum,Circle,Circle,spotify:track:37QbBWAlIYTmm1v23MNLGW
Kizz Daniel,Barnabas,Oshe (feat. The Cavemen.),spotify:track:4upQnh3K5k1xbVOr97fdG7
Olivia Rodrigo,GUTS,vampire,spotify:track:1kuGVB7EU95pJObxwvfwKS
KiDi,The Golden Boy,Mon Bebe,spotify:track:2QQk94CGXfsO5J6k6im7Jw
Maazel,This Feeling,This Feeling,spotify:track:5GYAFTDMmo8nqk2U81bpl8
Kungs,Layers,This Girl (Kungs Vs. Cookin' On 3 Burners),spotify:track:1A8j067qyiNwQnZT0bzUpZ
GIMS,LE NORD SE SOUVIENT,SOIS PAS TIMIDE,spotify:track:0yyFAbTlOk7DFhh6RSug9S
melvitto,THENIGHTISYOUNG.,Close To Me (feat. Krisirie & Gabzy),spotify:track:09fmq39KKgF91L8VF3iY4N
Ryan Mack,Only Human,Only Human,spotify:track:0yF7Rh8ISTa2PiyC12pvWJ
Young Jonn,Jiggy Forever,Aquafina,spotify:track:0UJMgRVNBrnMmAeZ8p1iMc
Lauren Spencer Smith,Mirror,Flowers,spotify:track:2eykhwXDu6k3DqvY0LBInw
Gunna,One of Wun,on one tonight,spotify:track:6EUcP55GlbmsmCzfL2vxtZ
SABAI,Million Days,Million Days,spotify:track:0DzPnTBSmVRKBQAmH3EomR
RandJess,À quoi elles rêvent ?,À quoi elles rêvent ?,spotify:track:3we9INjx4I9dXus7PYzM6B
Larza,Mirrored Portals,Mirrored Portals,spotify:track:0XBMI6SkdA1qBp1peTjLMG
Nathan Dawe,21 Reasons (feat. Ella Henderson),21 Reasons (feat. Ella Henderson),spotify:track:1RF02Cf80mTaeNXG2P2boR
Pixel Terror,Dilemma,Dilemma,spotify:track:6Eur1R7008b0AWi47iHxHj
Kid AlpHa,Colours,Colours,spotify:track:6IyR5rzYfQYZdPlwMUk7GF
Midranger,Waves,Waves,spotify:track:3db0lKgmdVTa7MUIvl7zWQ
JVKE,this is what falling in love feels like (554Hz),golden hour,spotify:track:4yNk9iz9WVJikRFle3XEvn
ellis,Recollection Prospective,Caught in the Rays (Intro),spotify:track:5Lyrx6V6BMifk5FsR5JCpp
Half an Orange,Mostly We Grow Trilogy,Left Behind,spotify:track:2UyNY6BvZ9V6Kn10a7W6jH
Duumu,Keep You,Keep You,spotify:track:0yxqE17S8mauxiv10mMVS0
Glacier,Nurture,Nurture,spotify:track:1hHcgvPKr01053NqkrFt5H
OVSKY,Start Again,Start Again,spotify:track:6wLujYsftQ9tGIvf54lrkz
Insan3lik3,You Make Me Go,You Make Me Go - Original Mix,spotify:track:177TmGyY9GfeIusmJRNHYs
vaultboy,rocket science,rocket science,spotify:track:55cwGtYrExG7slEAor5jeR
Victony,Stubborn,Everything,spotify:track:37neENY88EhsuW7ZqJsy6C
Adekunle Gold,Tequila Ever After,Do You Mind?,spotify:track:6fYefaw0KturTfuRNTKFbX
Tom Frane,Don't Leave,Don't Leave,spotify:track:24S2WSZEcOUM4XGCBFTrBm
Glacier,Enough,Enough,spotify:track:1qYdjpPAmBgpoTLft3ZcDE
Tom Wilson,Follow,Follow,spotify:track:4pZL6DB4POXpOopyC5TMzc
Summer Was Fun,Watching,Watching,spotify:track:0NTUHSbRIyXQpBodBZwuwp
FWLR,Cave Me In,Cave Me In,spotify:track:5WAZBrbZuZvcfKWywjJwld
Kizz Daniel,Barnabas,Lie,spotify:track:03DxO8kGNrEGr1VjPSdQs2
smle,Can't Sleep Alone,Can't Sleep Alone,spotify:track:2ltBTgQFYnxBkxQMKvarNn
Fireboy DML,Playboy,Diana,spotify:track:6g8vNyogMW32lhHlNcDiwX
Netrum,Colorblind,Colorblind,spotify:track:2b9tQeDmIctkJwNm1C9uGx
inverness,Lost My Mind,Lost My Mind,spotify:track:1TRkBANxImuCUOIgd2ilh6
Stonebank,The Pressure,The Pressure,spotify:track:20IJWbmZq5kFs9PUvVkWqX
Central Cee,Doja,Doja,spotify:track:3LtpKP5abr2qqjunvjlX5i
Steve Lacy,Gemini Rights,Static,spotify:track:4OmfWzukSVD140NiAIEjem
JJD,Vertigo,Vertigo,spotify:track:0Ptbg3nbvmHK5AMQ2OQxvV
Anevo,Feel Something,Feel Something,spotify:track:2JQuT1BrEKldB7p65b2yZh
Abandoned,Sunlight,Sunlight,spotify:track:3g6iY0xTspOgH74iSThAEW
Stromae,racine carrée,humain à l'eau,spotify:track:1utm8E02HhJjVHwVuRv3AE
TOKYOPHILE,Montagem Sonic Ritmado 1.0 (Super Slowed),Montagem Sonic Ritmado 1.0 (Super Slowed),spotify:track:5yruPkF5lplk9VUZIMsBzQ
Franz Liszt,"Transcendental - Daniil Trifonov Plays Franz Liszt (Etudes S. 139, S. 141, S. 144, S. 145)","Gnomenreigen, S. 145 No. 2",spotify:track:56Xsp5UNiPvTF38Nws1xLd
Wiz Khalifa,See You Again (feat. Charlie Puth),See You Again (feat. Charlie Puth),spotify:track:2JzZzZUQj3Qff7wapcbKjc
Rogue,Move Me,Move Me,spotify:track:15S4Eo0WcSvPShnO6tWeGr
Hollywood Principle,Run Away,Run Away,spotify:track:5CJTyihj0ERbM0OcMCXFsX
Ruger,RnB,Calculate Love,spotify:track:6SQNUYQB4FEMS3UfTDZ5kd
Davido,A Good Time,Fall,spotify:track:1hEXElwyPez2z7m5dZ56Mc
Stromae,Multitude,Bonne journée,spotify:track:0i0ESj6M9eV8ck3LP07QzD
Tayc,Fleur froide,Le temps,spotify:track:6yIh43XrY4Mc5xOxeagVhp
Netrum,Always Be,Always Be,spotify:track:0aohefgYGm6l5IZACPK8yu
Dave,PSYCHODRAMA,Location (feat. Burna Boy),spotify:track:3z4CGd63tpUn9a6oQSG0CI
Keepsake,This Time Around,This Time Around,spotify:track:5wNThDmGji73A6LIM0p3bF
Conan Gray,Superache,People Watching,spotify:track:3TFoEJe5zNuHZStRboWPxg
DROELOE,The Choices We Face,Step By Step,spotify:track:0pLHLA1JaWln8lNkNppDqn
Werenoi,Carré,Chemin d'or,spotify:track:5kfAx6phDHPpz5g8IAPyc2
SLANDER,Heaven Feels Like,Heaven Feels Like,spotify:track:0nSxiyRH74IpDiVdYLVjsv
Rogue,Fury,Fury,spotify:track:2NACBgavgH8wDVN1MoFrHx
LVTHER,This Love,This Love,spotify:track:5cO69UtZZfWsiGW8P4W7gk
Bob Sinclar,Rock This Party (Everybody Dance Now),Rock This Party (Everybody Dance Now),spotify:track:5qiIxojpo8YTFgOOcDuOaB
Kovan,Skyline Pt. II,Skyline Pt. II,spotify:track:0lr3uoQGBxdiYrhmjSat9Q
Syn Cole,Gizmo,Gizmo,spotify:track:1cOnkjatYqopUe2Ka9fjOo
Bad Computer,Silhouette,Silhouette,spotify:track:3LtneQPDsVu9sPOrrytH1a
ellis,Don't Say Ur Sorry,Don't Say Ur Sorry,spotify:track:11AcWqDru3oq5yO07iAS3p
Soprano,L'Everest,En feu,spotify:track:6FxIFhVlOvI1wcXWe8LKei
CKay,Sad Romance,emiliana,spotify:track:6bW7YnPQQffit1iwule5Vv
Kezah,Mirador,Mirador,spotify:track:4j5Bb0saeXmiz62XIZjcHj
Dmitri Shostakovich,"Shostakovich: 24 Preludes, Op. 34; Piano Sonatas Nos. 1 & 2","24 Preludes, Op. 34: No. 24 in D Minor. Allegretto",spotify:track:5nrubcnyKKYaLjpUHCHo7b
ZEG P,FADE UP,FADE UP,spotify:track:4ZpIuzx91EAPK3VimONbfB
Hollywood Principle,Starting Over (Deluxe Edition),Breathing Underwater - Ether Remix,spotify:track:5Fgs5BpJufdxh4qPmcnChV
kamome sano,waterproof,internet city - WRLD Remix,spotify:track:2n3LvF545FswWgY0pz3Zix
Ed Sheeran,÷,Shape of You,spotify:track:7qiZfU4dY1lWllzX7mPBI3
Ruger,RU The World,Asiwaju,spotify:track:6z5y2kdxF4XrEVRFVqdGVL
WHIPPED CREAM,Light of Mine,Light of Mine,spotify:track:3jMeoTAxDrZfkVxMmWcWCg
Bad Computer,Fly,Fly,spotify:track:4sYTZ4T4McMnwHMaAdFDM7
Half an Orange,Mostly We Grow Trilogy,Blink 182,spotify:track:5ekmsmgAjZvx2V3OpaNEci
PSY,Gangnam Style (강남스타일),Gangnam Style (강남스타일),spotify:track:03UrZgTINDqvnUMbbIMhql
Hoaprox,Brighter Side,Brighter Side,spotify:track:2kxcZz8AdxbxWO42b1seY0
Maazel,Crashing Down,Crashing Down,spotify:track:2oSY3NJJ9KVGph6eoCoyZ5
Jackson Guthy,Giants - Fairlane Remix,Giants - Fairlane Remix,spotify:track:5csjj3zuYenhME7BVqqNrO
Haywyre,Tell Me,Tell Me,spotify:track:4LA3dGOhgExdQDYCC6RhnB
WRLD,Everything,Everything,spotify:track:3kuVb5atVwfl62N96VoZr3
Kovan,Miracle,Miracle,spotify:track:7j1mZYH8DKLPyq396nuozG
Eric Carmen The Non Binary Sandman,goofy ahh beat Vol.1,BaBABOOEY 2,spotify:track:27ebedp7fAM6ngPFx5TdUw
ellis,Feel That Way,Feel That Way,spotify:track:1qMak6TgZIdfcCzuGIAZyU
WRLD,By Design,By Design,spotify:track:3XDTQGGczAeXqzWiVGQ8fe
Brandyn Burnette,identity crisis,vitamin c,spotify:track:4ATF7u1o7FOWmUmGUDBVq8
Seven Lions,Not Even Love,Not Even Love,spotify:track:65s9dLrylbHp60IYIcUZEz
Bruno Mars,Doo-Wops & Hooligans,Marry You,spotify:track:6SKwQghsR8AISlxhcwyA9R
ALESTI,Flawed Design,Flawed Design,spotify:track:5qUWzZJsBIdVtDdWwcZFPp
Throttle,Where U Are,Bloom,spotify:track:4iM70UuzYLeQmD0Z6ozVEB
FWLR,Anyway,Anyway,spotify:track:0mMOK6viMeCNPneuDbUhLJ
Olamide,"Ikigai / 生き甲斐, Vol. 1",Uptown Disco,spotify:track:7vdGiPrjK0gJBoZE8UhDMJ
Rema,Rema,Dumebi,spotify:track:0SjQBdIddPvKSWxr8vk6QX
Kizz Daniel,Maverick,Buga (Lo Lo Lo),spotify:track:36tVdsRWDbPBekxVYEWhph
Fairlane,V,5 Years,spotify:track:1ZFZQK8OGNdRP7NE8DFJMc
Pheelz,Finesse,Finesse,spotify:track:4Gasn91fsCefnN8zM5GjA8
Burna Boy,"Love, Damini",For My Hand (feat. Ed Sheeran),spotify:track:3ltc9j6uh3LvO7FuXm6Ix3
Tems,If Orange Was A Place,Replay,spotify:track:2dFqK2ZkYB9Xc47gr3xXWl
Trinix Remix,Hits 2021,Hits 2021,spotify:track:3kKM8uOw9GIynO6imljgk9
Koven,Reality Reach,Settled,spotify:track:50QUXEnyi7rHNVf8q31fQL
Crazy Frog,Crazy Frog presents Crazy Hits,Popcorn,spotify:track:0jQ4Nb9ylfUheLP9EOpOFk
Lady Gaga,Die With A Smile,Die With A Smile,spotify:track:2plbrEY59IikOBgBGLjaoe
Arlow,Leave Us Behind,Leave Us Behind,spotify:track:1uHlbvptkDVp6Q1wIrcNMg
Time To Talk,Found You,Found You,spotify:track:4l9BRxqkf8whRn7dr8FyKw
Madeon,Love You Back,Love You Back,spotify:track:5wM6LOw2U6XeIFHfsgI6wU
Odeal,Be Easy,Be Easy,spotify:track:3w2PO4US2zMxFDxEjWT9yB
Grant,High Enough,High Enough,spotify:track:6qv0ptzHveUZEy4cwxoRg3
Savoy,Let You Go,Let You Go,spotify:track:2JO6PchDcyfbpnNzwOHYPg
Oliver,Full Circle,Last Forever (feat. Sam Sparro),spotify:track:41o2QE25SjZupiapjCQyQA
Tails,Cobra,Cobra,spotify:track:6z1LRCM39LEMh5UXvML0VM
Ryan Mack,Forever and Ever and Always,Forever and Ever and Always,spotify:track:5keXeMrCGBYXpJYQ0FFqjK
Benson Boone,Before You,Before You,spotify:track:523f4oSjrZx83XDtRLnsIw
Fonzi M,"Gurenge (From ""Demon Slayer: Kimetsu no Yaiba"") [Full Version] - Piano Arrangement","Gurenge (From ""Demon Slayer: Kimetsu no Yaiba"") [Full Version] - Piano Arrangement",spotify:track:6ZMrN8FKGjRPQHzUPInmhM
Gerry Rafferty,City to City,Baker Street,spotify:track:5gOd6zDC8vhlYjqbQdJVWP
ellis,Orbit,Orbit,spotify:track:2yOvppJ146OvSRMBC0mjsB
Johann Sebastian Bach,"J. S. Bach: Das wohltemperierte Klavier, Buch II","Das wohltemperierte Klavier, Buch II: Präludium IX E-Dur, BWV 878",spotify:track:3BXl1zo42JTONBYDqsUMHo
Knock2,ROOM202 EP,Rock Ur World,spotify:track:5PkWhNfVEz2O9n8b6cQFMw
Regal Noise,Mistletoe Moon,Mistletoe Moon,spotify:track:3GXuMKScSYffHxTzsemCGb
Babyboy AV,Confession,Confession,spotify:track:7IAzRTQQz6Aoywj0R1Qce5
Tom Odell,Long Way Down (Deluxe),Another Love,spotify:track:3JvKfv6T31zO0ini8iNItO
Audien,Learn to Love Again,Learn to Love Again,spotify:track:0x3kC70M6PeygCXhaokWqs
SABAI,Trust Issues,Trust Issues,spotify:track:5nAcDjHi1Sn9d24ZPwYpZc
Lojay,GANGSTER ROMANTIC,MOTO,spotify:track:0P2ytSdEAFp0FICrJwnu4Y
Gilbert Montagné,Liberté,Les sunlights des tropiques,spotify:track:26CWyxnjmUf6n4GKX1QVuw
Trivecta,Riptide,Riptide,spotify:track:5kvFBu6jDJMECOqmD7OwUx
Near x Far,Not Enough,Not Enough,spotify:track:1dEud4LT7T7Yd7KMpo8Qz2
Victony,Stubborn,Risk,spotify:track:6qS9yoAUIXNfno5t4YLQdn
Cartoon,Howling,Howling - Andromedik Remix,spotify:track:3cvr7I6DJxIq3GL4UAU8p4
Trivecta,Rocket League x Monstercat Vol. 1,Break Me,spotify:track:61wWlx9A7791rnvfzBkK18
Cinema Kid,Satellite,Satellite,spotify:track:1y5f2Jl9JQyO3Vojo5WUn3
Sposato,Monki,Monki,spotify:track:75DsKhTjPtfGx3xkMW9FQ5
Throttle,Japan,Japan,spotify:track:29rdnajLrCXu0wDPpBA15p
Anevo,Waiting on Your Call,Waiting On Your Call,spotify:track:0ssmAGHhGIjszYcT4B7pnx
Fireboy DML,Playboy,Sofri,spotify:track:6S5XNauc7v8FLJWEIk0z2c
Mavins,Chapter X,Overloading (OVERDOSE),spotify:track:3ES1fBQACydIODlZmQS359
Haywyre,Two Fold Pt. 2,Endlessly,spotify:track:2CIcivLTP6O4o0yNSknzld
Olamide,Carpe Diem,Infinity (feat. Omah Lay),spotify:track:5DS9LiyEdw2zY8bM6kjjgM
Slushii,LUV U NEED U,LUV U NEED U,spotify:track:3YVj9LLq5GMvBvoKubnUp0
Protostar,Galaxies,Galaxies - Rogue Remix,spotify:track:2oFxH6eieYuPYUr1Q4N2QP
Koven,About Me,About Me,spotify:track:3OgRWuUOktuBGTING1oPld
Ryan Mack,Overwhelmed (Ryan Mack Remix),Overwhelmed (Ryan Mack Remix),spotify:track:03eyNjBM2mpx28H6kdaufN
Rogue,Barbed Wire,Barbed Wire,spotify:track:35cEwob0k0Q2lvOFltENw4
Fireboy DML,Playboy,Peru,spotify:track:4vb777iaycnlFxVkJMmtfd
Arlow,Frozen In Time (feat. Introspect),Frozen In Time (feat. Introspect),spotify:track:1nwhKEypPvHusDiiNFN8rN
William Black,Stay,Stay - Afinity Remix,spotify:track:4ua1RUmrzlORhk0TDfrTK6
Clarx,Done,Done,spotify:track:5gYR3jvgmcGdJGovqQ2g4H
Trivecta,Break Me,Break Me,spotify:track:3cjkfbF4rgqymxtRn7Iv15
Raven & Kreyn,Dum Dum,Dum Dum,spotify:track:42UU54WpkAm5aLfGucwY6F
SABAI,Broken Glass,Broken Glass,spotify:track:2PnQicmxjD9DGm790aLqNp
k?d,Find Paradise,Electronic Memories (feat. Mickey Kojak),spotify:track:2viJufnGlsjR1X51CEHpeg
SABAI,Love For You,Love For You,spotify:track:7ao8imeoghP0rWSOrIJalv
Kizz Daniel,King Of Love,We Wan Comot,spotify:track:1PJUwqQNNWerJeVYFm1GEO
Sam Feldt,Mi Amor (with JVKE & Anitta),Mi Amor (with JVKE & Anitta),spotify:track:5u2EjRHBYRLFvfMXpBAewy
Lil Nas X,MONTERO,THATS WHAT I WANT,spotify:track:0e8nrvls4Qqv5Rfa2UhqmO
Maazel,The Truth,The Truth,spotify:track:6pYH3KiWTMIIQGt9wlsspt
Azertion,Reality (ft. Dayce Williams),Reality (ft. Dayce Williams),spotify:track:1yZScuaxS2dUGzHe4u8Mfu
WRLD,Drowning,Drowning,spotify:track:0CBp6PqBGRrEhkW9zcqXPB
BEAUZ,Illusion,Illusion,spotify:track:2Uk3eji99feKwQWknWUx4P
3rd Prototype,I Know,I Know,spotify:track:3yKUaCY0MZoZequHYQg6ZE
Niklas Dee,Not Fair,Not Fair,spotify:track:0QlOkt8nkZ8zqu8xb2SHU8
Cartoon,NCS: The Best of 2016,C U Again,spotify:track:5B2KdpqWRwcnO2Cfxh7MSX
David Guetta,Don't Leave Me Alone (feat. Anne-Marie),Don't Leave Me Alone (feat. Anne-Marie),spotify:track:2lYTJK94hb0fd1LQtb6Dhk
Afinity,Your Imagination,Your Imagination,spotify:track:0M0ac58ggq3FHG849kCfGR
Half an Orange,Mostly We Grow Trilogy,Arcade,spotify:track:6SdjA49PZ8XCasG4SqWr3n
Timaya,Chulo Vibes,The Mood,spotify:track:6gHUiXF4BiJ9d7biTNmdKR
Fonzi M,Giorno's Theme: Il Vento D'oro (JoJo's Bizarre Adventure: Golden Wind),Giorno's Theme: Il Vento D'oro (JoJo's Bizarre Adventure: Golden Wind),spotify:track:7n8G9Zs46X9FdFX1trpi3f
Omah Lay,Moving,Moving,spotify:track:2YNLzBRGyCAzHEGPO3J2Sb
Koven,Looking For More,Looking For More,spotify:track:6QGid2MUj1SHI0SXRlHJy4
William Black,Pieces (Remixes),Need You Now - Cinema Kid Remix,spotify:track:0pjjuGvHjEjXcbnDZDppXu
FLOTE,Darkest Days (feat. Sandra Yvette),Darkest Days (feat. Sandra Yvette),spotify:track:6meFLb7oAeZEZ9FWWyTJul
Major Lazer,Peace Is The Mission : Extended,Lean On (feat. MØ & DJ Snake),spotify:track:2YWjW3wwQIBLNhxWKBQd16
PNL,Deux frères,Deux frères,spotify:track:6hzi3AGB39FjxFqcjgbWs7
Olamide,Unruly,Trumpet,spotify:track:3Q3cmIGrJM7fDpXdo0gEPG
Vicetone,Nevada,Nevada,spotify:track:02shCNmb6IvgB5jLqKjtkK
Trivecta,Now You Know (feat. Aloma Steele),Now You Know (feat. Aloma Steele),spotify:track:0daoEpTjVv31xcwL91TOj4
Athena,Eternal,Eternal,spotify:track:5IPNnqPAvdVEcYanVKihca
The Chainsmokers,World War Joy,Who Do You Love,spotify:track:2fVHrSxsQbJUuj9MW9zG1e
Knock2,dashstar* (VIP),dashstar* - VIP,spotify:track:4FKRT4uPFx2L4exy9DCs1o
Soprano,Phoenix,Ninja,spotify:track:2imLYhuE0rBYnSrhXDOaRX
Soprano,L'Everest,Roule,spotify:track:4aie3id34NbdlJEaWNlKyZ
Unknown Brain,Perfect 10,Perfect 10,spotify:track:2MolFsdE7ydCQQgsmfvX6w
Trivecta,Ghost in the Machine,Ghost in the Machine,spotify:track:6OiZOyPJTWx7DorS1hdsY3
William Black,You're Not Alone,You're Not Alone,spotify:track:4idjrwbfYRg5QlqJqdBQyT
Wande Coal,Come My Way,Come My Way,spotify:track:3PnkEOvEKu7s2qQJ5mHpNl
Connor Price,Spin The Globe,Spinnin,spotify:track:4r0kug4vaNx3d8qyDLhQes
Arlow,How Do You Know,How Do You Know,spotify:track:2FS2TQiR7FHdkCD7aK2Xax
Bishu,Solid Ground,Solid Ground,spotify:track:390rAc1GhIjAjXZuZrq15k
Madeon,Good Faith,All My Friends,spotify:track:3ArdPRbscsYB2uI70AzpuG
Fairlane,Ocean Avenue,Ocean Avenue,spotify:track:27FPkuEnyCAMP7UXQOHu2Z
Alan Walker,"Fire! (feat. YUQI ((G)I-DLE), JVKE)","Fire! (feat. YUQI ((G)I-DLE), JVKE)",spotify:track:5B8VpcIC3EAI3wke3XQoRy
melvitto,ovrdose.,Je M'appelle,spotify:track:5SI6uICAdqQl5q7Cn1sGPs
Syence,hate me like u love me,hate me like u love me,spotify:track:42WEv3u02DH3mWGbYEZKLW
Linkin Park,Meteora,Faint,spotify:track:7AB0cUXnzuSlAnyHOqmrZr
Aeden,Would You Be Waiting,Would You Be Waiting,spotify:track:3PHOx8osoFglbGHz8dWY5E
Raven & Kreyn,Biscuit,Biscuit,spotify:track:04L7sSjD7zDe9k1IDuR3nf
RandJess,Rester des mômes,À quoi elles rêvent ?,spotify:track:4ZAjBAeUXJtAG0q8QP6t0i
Ruger,RnB,Ilashe,spotify:track:1kW728xFsRBvunN1yiTsNf
OVSKY,Where Do We Go,Where Do We Go,spotify:track:3NhiKS9YBjpyKuQS7TKV5B
Jonth,Heartless,Heartless,spotify:track:2GXUMLSt1Pw0ElD6thMazF
Soprano,Phoenix,Le coach (feat. Vincenzo),spotify:track:1RighqmKZNqLP9rklJ4HCz
Chop Daily,Water,Water,spotify:track:5mH230vvkLSBJJZIftBttH
FLOTE,Mine To Lose,Mine To Lose,spotify:track:0rb5zOkIIkUlPqbJTR1xKD
Johann Sebastian Bach,"Bach, J.S.: Das Wohltemperierte Klavier I","The Well-Tempered Clavier, Book 1: Prelude & Fugue No. 3 in C-Sharp Major, BWV 848",spotify:track:5ZNSZG7XFqMdJmisfg9Cw1
JVKE,lavender (feat. Pink Sweat$),lavender (feat. Pink Sweat$),spotify:track:4WkmcS7sW41aVsFdJ2PfT7
Ayra Starr,The Year I Turned 21,Commas,spotify:track:4GXW3Ne1jzdORKHvHjK31V
Grant,Where Will We Go,Where Will We Go - Acoustic,spotify:track:6voo8x5qmBvabjEOxPHesp
Wande Coal,Iskaba,Iskaba,spotify:track:1GuLgNKd4lrI1vugkxMCAX
Dmitri Shostakovich,"Shostakovich: 24 Preludes, Op. 34; Piano Sonatas Nos. 1 & 2","24 Preludes, Op. 34: No. 17 in A-Flat Major. Largo",spotify:track:1tuqXDhE44dIbQdZTqM6ZJ
Chuck New,Music Inside,Music Inside - Original Mix,spotify:track:3QNIPlTinP3bOrbbT5mGXC
Rootkit,Recursion,Promise Me - Melano Remix,spotify:track:5GYXQS1Sg3cIANSP9ATIYC
Tom Wilson,Darkness,Darkness,spotify:track:10kafTxIsKauZk90HidHjV
Vicetone,Legacy,Nothing But Love For You,spotify:track:60VLtkNdzSiwESwBDlRFst
JJD,Just A Minute More,Just A Minute More,spotify:track:5szhT1UxXIFHlTHNeJJbxF
smle,Stranded,Stranded,spotify:track:451PZxWG1yUGJ6wenQs9bp
Trivecta,Find My Way,Never Let Me Go,spotify:track:5jQZHtSrI79gcAwWFjchYB
Jagsy,Don't You Know,Don't You Know,spotify:track:7xDOf3Z4TaQDFkr9rvYpc5
Tate McRae,THINK LATER,exes,spotify:track:4E63weMCaNZuGPEFMnuEi8
OVSKY,Other Side,Other Side,spotify:track:5kj5GVUyYb5yXXtsbUeqpw
EDDIE,Waiting,Waiting,spotify:track:5qTg7ZtUycWkR1YtUF7mSg
Stonebank,Let You Down,Let You Down,spotify:track:3WjsaQylfVq87F6hLfayiQ
Vicetone,Astronomia,Astronomia,spotify:track:665AK0ovB11McZRwfa852G
Benson Boone,Fireworks & Rollerblades,Ghost Town,spotify:track:6HuHyXviAdpmnQu73JHfBz
Axollo,Silence,Silence,spotify:track:2ezhpsQj2wNPjOKC1oh1PB
JVKE,this is what winter feels like,this is what winter feels like,spotify:track:1TbxAY9cb9MbvTifjcvSkJ
Arlow,Happy Now,Happy Now,spotify:track:3U5grQoCuguIpoHYfRpPKh
Zero Hero,Rocket League x Monstercat Vol. 1,Twilight,spotify:track:24gYjiaTKffptpoiWbNMbp
Ayra Starr,Rush,Rush,spotify:track:1rrqJ9QkOBYJlsZgqqwxgB
Bad Computer,Chasing Clouds,Chasing Clouds,spotify:track:4Iw6e5hL3ynmUNV2tgClHL
David Guetta,2U (feat. Justin Bieber),2U (feat. Justin Bieber),spotify:track:3A7qX2QjDlPnazUsRk5y0M
Seven Lions,First Time (feat. Dylan Matthew),First Time (feat. Dylan Matthew),spotify:track:27YD36FUikKxbp3bKSiKGZ
WALK THE MOON,TALKING IS HARD,Shut Up and Dance,spotify:track:4kbj5MwxO1bq9wjT5g9HaA
Abandoned,Salvage,Salvage,spotify:track:6Oe2fIOBBnGqZSZbbw7Xb9
Aeden,Take It or Leave It,Take It or Leave It,spotify:track:02Jm97ALc0atbXRpiwCLba
benny blanco,FRIENDS KEEP SECRETS,Eastside (with Halsey & Khalid),spotify:track:7FGq80cy8juXBCD2nrqdWU
Radiohead,OK Computer,No Surprises,spotify:track:10nyNJ6zNy2YVYLrcwLccB
Grant,The Edge,The Edge,spotify:track:2P8MOT07PrPiTjqNPKWVsp
CKay,love nwantiti (feat. ElGrande Toto),love nwantiti (feat. ElGrande Toto) - North African Remix,spotify:track:1EYeZGTMCjV7uVey5fNWXM
Stephen Walking,Hey,Hey,spotify:track:5b7DM9lX6SZVqOxaoKpUTo
DJ Tons,Always Remember Us This Way,Always Remember Us This Way,spotify:track:3GWfrTBsWKHwrqBzfCfeOK
Omah Lay,Boy Alone,i'm a mess,spotify:track:65v99AWZyNz3aRmfrT2I7N
Clean Bandit,What Is Love?,Rockabye (feat. Sean Paul & Anne-Marie),spotify:track:2hrUO4drrO63i7FYbCLBl2
Chris James,The Weight of Nostalgia,12 Hours,spotify:track:4SCCczAQXPOkM26I2gWhjt
OVSKY,Time EP,Way To You,spotify:track:6yji8gchFtQiB5OA9lQvDe
Cheque,Bravo,Body,spotify:track:2ZzdMe0ExxdkgMZ8vzPB30
SABAI,Scared,Scared,spotify:track:2ktaGvlb0uE3tUQXy2oXoo
Jay Cosmic,Ocean Eyes,Ocean Eyes,spotify:track:1REdX9F6uFLWyjigcqxA6v
William Black,Take Me,Take Me,spotify:track:6hh8nY4fmUxAlDrKk5m89u
Brandyn Burnette,Hands Down,Hands Down,spotify:track:0NvLJlMV4JJYCloI7dGbCH
SABAI,Me + You,Me + You - With Løve Remix,spotify:track:1zVoCYS8vLibUr52cggUvy
Orelsan,La fête est finie,Tout va bien,spotify:track:7gmYDrNYV5AaTEnZo0yhtM
Dmitri Shostakovich,"Shostakovich: 24 Preludes, Op. 34; Piano Sonatas Nos. 1 & 2","24 Preludes, Op. 34: No. 15 in D-Flat Major. Allegretto",spotify:track:1qwfRK13qYSo4UxzTt1C4c
Modjo,Modjo Band,Lady - Hear Me Tonight,spotify:track:70HxNVlYQ0Hi6XqBtPLw80
ellis,Recollection Prospective,Brand New Phone,spotify:track:17zFfPV3PZ3ZDMZyDcXTxV
Cheque,Holy Gee,Holy Gee,spotify:track:3Y8PRiBMczgHn3edpbCkfb
Yetep,1NIGHT,1NIGHT,spotify:track:2qAPf1rQszbntxQIF1zdeM
Auvic,Soulfire: Insight,Embers Inside,spotify:track:3VgBudWaPmjEtVlIWeSzwt
Kovan,Thrill Is Gone,Thrill Is Gone,spotify:track:3UtRF0RI0n7hpoqZQS4XWZ
Johann Sebastian Bach,"Glenn Gould plays Bach: The Well-Tempered Clavier Books I & II, BWV 846-893","Prelude & Fugue No. 3 in C-Sharp Major, BWV 848: Prelude",spotify:track:5X8VLh5mIKCxviE52GHBXu
Haywyre,Never Count On Me,Never Count On Me,spotify:track:18Ex4J57MhJ7ou358jFXFx
Vitaa,Ici Et Maintenant,Game Over,spotify:track:3H6BhXkgqutUJlfcw55iCN
David Guetta,Crazy What Love Can Do,Crazy What Love Can Do,spotify:track:1WCEAGGRD066z2Q89ObXTq
JKuch,Data Loss,Data Loss,spotify:track:6of2wpwEfFaxH7nW264R2O
Audien,One More Thing,One More Thing,spotify:track:4PXwtgzNeNcflQfxQEfbA0
GIMS,SPIDER,SPIDER,spotify:track:2fFTn0f94EopgZyfSGQuyK
Tiwa Savage,Celia,Koroba,spotify:track:18t2ofQiViidZHxOBVjpD1
Knock2,Make U SWEAT!,Make U SWEAT!,spotify:track:5uh8m2Lna0Gfk8YGqYVb6d
JVKE,this is what ____ feels like (Vol. 1-4),golden hour,spotify:track:5odlY52u43F5BjByhxg7wg
Imagine Dragons,Evolve,Thunder,spotify:track:1zB4vmk8tFRmM9UULNzbLB
Swif7,Be Swif7,Thoughts in My Mind,spotify:track:4q2BXKqRGkTV30RPcbCz8G
Kizz Daniel,Twe Twe,Twe Twe,spotify:track:2khv04F26pnJr4989Maowi
Seven Lions,Cold Skin (The Remixes),Cold Skin - MitiS Remix,spotify:track:22szgJ9WufVHgefSgOD6Dv
MAX,LOVE IN STEREO,STRINGS (feat. JVKE & Bazzi),spotify:track:0YNbCCep4pGK70IXnXJJAV
rhianne,Somewhere Only We Know,Somewhere Only We Know,spotify:track:50Q02S1ZY0hwbmHTMABuDC
Crazy Frog,Tricky,Tricky,spotify:track:1gy1GWzJrxIjrUTMEu3sQx
The Chainsmokers,Closer,Closer,spotify:track:7BKLCZ1jbUBVqRi2FVlTVw
Adam Pearce,Need You,Need You,spotify:track:1EFhbUb1Pc0R8Vrcyg7SMX
Burna Boy,African Giant,Collateral Damage,spotify:track:3A1zdPgQNDW4moavGCxSxz
Olamide,Carpe Diem,Green Light,spotify:track:11qqSo6AyQR68xqVlmwYls
Pixel Terror,Move 4 Me,Move 4 Me,spotify:track:4sqm7DfJahBVXPYJNtcVn4
J.Tajor,Like I Do (with sunkis),Like I Do (with sunkis),spotify:track:76NX6bt1KCSg0yULpmlkyJ
Half an Orange,Mark Twain,Mark Twain - Glacier Remix,spotify:track:1yZMDvuoZ5jtizN732kHzs
Dmitri Shostakovich,"Shostakovich: 24 Preludes, Op. 34; Piano Sonatas Nos. 1 & 2","24 Preludes, Op. 34: No. 10 in C-Sharp Minor. Moderato non troppo",spotify:track:26Ii4P0dnD3lwvLNiwXrpQ
ellis,Recollection Prospective,Unfold,spotify:track:1iG0qH5EesfjYu8h9d62Fp
Libianca,People,People,spotify:track:26b3oVLrRUaaybJulow9kz
Hollywood Principle,Play,Solar Eclipses,spotify:track:3FdAFIZBB0coimRQkO4Srx
Corneille,Avec classe (feat. Aya Nakamura & Trinix),Avec classe (feat. Aya Nakamura & Trinix),spotify:track:2RqZ8JUBXP4C0nzttGnTL1
Stromae,racine carrée,Papaoutai,spotify:track:34dx8DACTJsc3rsJdaEIQw
Duumu,Close to You,Close to You,spotify:track:1be1yLsa5pDBemV5sQMp1e
Rob Gasser,Vertigo,Vertigo,spotify:track:5f1qCD8JhSU1frlTwk6hHW
Kovan,Dizzy,Dizzy,spotify:track:2fYgOH6YLG6dSzczhu4OQF
demotapes,create together vol.2,closerthanthis,spotify:track:4ecg42S4TCgsNtu9Xc5cR5
JZyNo,Butta My Bread,Butta My Bread,spotify:track:3aJF7HsFOwuUAFOaRMQCxR
Syn Cole,Without It,Without it,spotify:track:6aqrbmOIj0E2F770O6muO1
CG5,Lyin' 2 Me,Lyin' 2 Me,spotify:track:2DsTm5Xy7FkY5mdhzT8Dvm
Penguin Piano,Intersteller,Drowning Love - Chasing Kou,spotify:track:0JcINBOEZFMchzVInOdk1V
Carbonne,Imagine,Imagine,spotify:track:6IcsbETuviVu6UTiBTcxY4
Hollywood Principle,Solar Eclipses,Solar Eclipses,spotify:track:13LbTKrOAJUoqWwJHdeCja
GIMS,Mon coeur avait raison,Sapés comme jamais (feat. Niska) - Pilule bleue,spotify:track:0CJ31BEjjl1tPIj0CKi9kH
Seven Lions,Foolish Of Me (feat. Jonathan Mendelsohn),Foolish Of Me (feat. Jonathan Mendelsohn),spotify:track:06jPOtcs4L8QpgJxixFiBT
NF,The Search,The Search,spotify:track:2OKo7g3KfmCt3kyLvUAL0g
Djo,DECIDE,End of Beginning,spotify:track:3qhlB30KknSejmIvZZLjOD
Vincent Lagaf',Bo le lavabo,Bo le lavabo,spotify:track:3cBEzRJdXjhMp1Foanxrea
Haywyre,Panorama: Form,Contagious,spotify:track:5X4PAws5oW5K22G6Ic17AV
Conro,just wanna luv,just wanna luv,spotify:track:5Dvd2vfqvPg0RCXQ9DpKee
Chop Daily,Down,Down,spotify:track:1sUWgb3NBJKYwdV3p4PGF3
Grant,Distraction,Distraction,spotify:track:67GjRwSggoe8DItuIh82kC
Aya Nakamura,Hypé (feat. Ayra Starr),Hypé (feat. Ayra Starr),spotify:track:6oi6AAmRd2IbanRMQZC39J
Afinity,LUNAR-1,Gravity,spotify:track:67JGqNjFnv6Dw1RAdTDcR8
Rogue,Mirage,Mirage,spotify:track:2B7iAtlP4hhP1kUGt305cG
Kizz Daniel,TZA,Showa,spotify:track:4WYbYaibpIWj1FLbMUH2Yb
Duumu,Wash Away,Wash Away,spotify:track:5Hgh63s66Qzo9IMdJvppST
Ross-Emanuel Steven Bayeto,"Safety 2020 (feat. Chris Brown, Afro B & DJ Snake)","Safety 2020 (feat. Chris Brown, Afro B & DJ Snake)",spotify:track:4YW8YoVfEZTynrEvWeLbRc
DESERT STAR,Edge of the World,Edge of the World,spotify:track:4EA0L8j0GHlBj4FV1YIPf9
Gotye,Making Mirrors,Somebody That I Used To Know,spotify:track:6md4w95cnKaW64JyEQ3A0L
Grant,Without You,Without You,spotify:track:0gXEJXyG1D31WcezYQguyX
RandJess,Rester des mômes,Rester des mômes,spotify:track:5zI570PCt684fFG7KHPwtF
Grant,Better Off Alone,Better Off Alone,spotify:track:3LoyPU4kSmEw1T9pwCT9BV
Grant,Won't Give Up,Won't Give Up,spotify:track:4GQ27sK6S5rRnlPmWmlVmz
Cinema Kid,Everything Is Alright,In My Arms Tonight,spotify:track:6qZY2OlzH0AMcHOnC7sSx6
Grant,Constellations,Constellations,spotify:track:4FVYExDuuOdJbqTlvcmgEK
DJ Meek,De Menino Virou Little Hair,De Menino Virou Little Hair,spotify:track:7GnuK3atOK5lz9nJKe5YUl
Ed Sheeran,÷,Happier,spotify:track:2RttW7RAu5nOAfq6YFvApB
OddKidOut,CINEMA,CINEMA,spotify:track:1KUlGcqkfUjnoTL20bhtPr
Fireboy DML,everyday,everyday,spotify:track:2yskKhqtDAHJ73obmJh8tf
Seven Lions,Where I Won't Be Found,Rescue Me,spotify:track:2aUbM4LTEWs3KXm7e43BTw
Time To Talk,Say The Words,Say The Words,spotify:track:3HpoVZ0eUeslAIe3C2fKCL
Lojay,Tonongo,Tonongo,spotify:track:5sjK2PoEh0AxtJdKynjDRd
David Kushner,Daylight,Daylight,spotify:track:1odExI7RdWc4BT515LTAwj
Aya Nakamura,NAKAMURA,Pookie,spotify:track:2htTXkmqXnB3hndUwI2KUg
Fireboy DML,Playboy,Timoti,spotify:track:1HG9yS1bhOSsrUoHdUEnbW
Vicetone,Legacy,Outta My Mind,spotify:track:2Jnxa1FAjMERv4tleZCrK0
Haywyre,Tell Me (Ellis Remix),Tell Me - Ellis Remix,spotify:track:4WYmqQ1SBd43qmJU9k4b7n
Seven Lions,Only Now (feat. Tyler Graves),Only Now (feat. Tyler Graves),spotify:track:6mE1m1NmzO7slSiN6vzovg
Hollywood Principle,Starting Over (Deluxe Edition),Firework - Melad Remix,spotify:track:5zF4cNLGhft49YhUZmDQqL
Rootkit,Against The Sun,Against The Sun,spotify:track:5MAM4PXb95MPl2JWSlMI6L
Fireboy DML,yawa,yawa,spotify:track:5tM3Fo4qBqDAwWJ9ZY5AtX
Nick Smith,Forget About Me,Forget About Me,spotify:track:5dvLCzrpzVHYdOUdIL9EHW
smle,Weightless,Weightless,spotify:track:3Bi5Rw7VoxyfXPBDGQKObV
Tyla,Water,Water,spotify:track:5aIVCx5tnk0ntmdiinnYvw
Asketa & Natan Chaim,More,More,spotify:track:01eUcUUfmt69IpEGGVZCAH
Vicetone,Legacy,Elevate,spotify:track:6HSENRdnjVJ6GqymOdDWsx
Fly Project,Toca Toca (Remixes),Toca Toca,spotify:track:3HUDCgZgaY3ZVWohToy4LJ
CHINCHILLA,Little Girl Gone,Little Girl Gone,spotify:track:56rpEOCBATYItSa4yPksfe
LVTHER,Friends Again,Friends Again,spotify:track:6CwR0pY3wj5zQUtcKp9RV6
Justin OH,Welcome to the City of OZ,Feel Alright,spotify:track:6lg3p0DfnVsXNhPOYv8fKi
Ajebo Hustlers,Ave Maria,Ave Maria,spotify:track:6al03F4hh8LUPRMcnrM3H5
Stonebank,Breathe Me Back To Life,Breathe Me Back To Life,spotify:track:0EI9hyJzyEOeRqQzQyitQ9
Tokyo Machine,Silver Lining,Silver Lining,spotify:track:0RfwOCCfixdYgdgQcEjw4G
OBOY,No crari,TDB,spotify:track:5YoDQgB4j7oBHWXH3DcwFD
Korede Bello,Real Man,Real Man,spotify:track:765zfCJsXtDDPInx1smYLo
Trivecta,Best For You (feat. Selah Ford),Best For You (feat. Selah Ford),spotify:track:6d3xdZzjCRlMAG6AMDhRMY
Paris Blohm,Warriors,Warriors,spotify:track:0OSwWL72ImBvCEmBGzblkp
Dean Lewis,A Place We Knew,Waves,spotify:track:6w8pFOKn42O418qwcQElZ3
inverness,I Remember,I Remember,spotify:track:5PEc50zuLdBpkC9bOQTG2D
Haywyre,Two Fold Pt. 2,Do You Don't You,spotify:track:55XVu6sTO9XyNEuu3OEijK
Timaya,Cold Outside,Cold Outside,spotify:track:2jZ2MrAk8iNZk1dsI0Vr5z
smle,Runnin,Runnin,spotify:track:4lzezjVUnL8AU506mCOdhT
Adekunle Gold,Catch Me If You Can,One Woman,spotify:track:7BglTfVmbUUOCQUNof4RBF
Le Rat,Cédric Doumbé,Cédric Doumbé,spotify:track:1svyYUKmBlYwrGJjPufNqG
Elley Duhé,MIDDLE OF THE NIGHT,MIDDLE OF THE NIGHT,spotify:track:58HvfVOeJY7lUuCqF0m3ly
Hoaprox,Saviour,Saviour,spotify:track:5Ke5H0sjY4or70sK24HUYM
Imagine Dragons,LOOM,Nice to Meet You,spotify:track:6KmrCHbuNOsdoeDOpwetr7
Rotimi,All or Nothing (Deluxe),Love Somebody,spotify:track:2VR1nIY2M4W2AfNOg4uFR7
Just A Gent,URCA,Iris in the Dark,spotify:track:4BsN2VLlvd3BBJCt7gpwkc
Ogryzek,AURA 2,AURA 2,spotify:track:3uiYlZ4ZODUAwToLK1qb0K
Savoi,Hideaway,Hideaway,spotify:track:0GU1YGajWqme71IZpRbwhF
Vitaa,VersuS,Avant toi,spotify:track:4iNPp0BZ4lBu7bipdWLcWk
Half an Orange,Mostly We Grow Trilogy,Mark Twain,spotify:track:5AjbldwVyAeAfO5azzDPIO
The Chainsmokers,Memories...Do Not Open,The One,spotify:track:0wfbD5rAksdXUzRvMfM3x5
TitoM,Tshwala Bam (feat. S.N.E),Tshwala Bam (feat. S.N.E),spotify:track:6Qb4XQnsuRnMlGxwR3GOGV
Haywyre,Insight,Insight,spotify:track:6mBtUFX8Sn0LJqN9JJ3Utj
German Folk Regiment,Erika (German Soldier's Song),Erika (German Soldier's Song),spotify:track:6iUVUzg0c2O0KJjxdOvrdr
JVKE,this is what ____ feels like (Vol. 1-4),this is what heartbreak feels like,spotify:track:4RxdAzEmkPXTiIU6ULLoXh
Heuse,I'll Be Here,I'll Be Here,spotify:track:2LrTHJUrRxXuw9sqUOyqO8
Zach Bryan,Something in the Orange,Something in the Orange,spotify:track:3WMj8moIAXJhHsyLaqIIHI
Snareskin,Even LA,Even LA,spotify:track:720RRhSFanFXpGMQE1hpFT
Porter Robinson,Nurture,Get Your Wish,spotify:track:6aUfT9QOcTHhxLNrf1aVR8
Conro,Level Days,Fighters,spotify:track:1eYxa4UQo3ElMrX5n5J3CF
Tiakola,T.I.A - A COLORS SHOW,T.I.A - A COLORS SHOW,spotify:track:1CBcqxqfrImhinNsC08sej
Laylow,L'Étrange Histoire de Mr.Anderson,UNE HISTOIRE ÉTRANGE,spotify:track:1LqDW54jByEjfZJMadiLJU
Maazel,Memories,Thinking About You,spotify:track:1XXEx563yYENFRNYYoJDAG
5 Seconds of Summer,Youngblood,Youngblood,spotify:track:2iUXsYOEPhVqEBwsqP70rE
Tom Frane,Don't Fall In Love With The Moment,Unstable,spotify:track:6ubJTQQzb5bl0Bp36nfHSr
Victony,Outlaw,Jolene,spotify:track:5483pcvbfX7Ii7gO5JGUpF
Throttle,Where U Are,For Me,spotify:track:5wfRnupjI4OXpKCulkWJ4r
Martin Garrix,Hero,Hero,spotify:track:4Wu62DoQg1ECGlDKDfo30R
Axollo,Searching,Searching,spotify:track:6mASEEU3XhSoEegIkkm0My
sammy rash,smile more,smile more,spotify:track:1NNUcz8YMp6OKElVufO1Sj
Daddy Yankee,Barrio Fino (Bonus Track Version),Gasolina,spotify:track:228BxWXUYQPJrJYHDLOHkj
Aeden,I Feel Crazy,I Feel Crazy,spotify:track:0zVch76E7sQGCYuxA61KUd
DEXTER KING,Get to Know You,Get to Know You,spotify:track:78rQveXiTLAxCxA7Mantdg
Abandoned,Finally Healing,Finally Healing,spotify:track:1XVzkGLefSE6C7xQOZaEgv
Hollywood Principle,Starting Over (Deluxe Edition),Firework,spotify:track:4gbMjTMBxMQqHYTGbaIKN7
Davido,Timeless,UNAVAILABLE (feat. Musa Keys),spotify:track:2kaH2Z8ezDUKf6fNw250rZ
Stromae,Multitude,Fils de joie,spotify:track:6w2jx3gzQAtoKP22czcANv
Fairlane,Puzzle,Puzzle,spotify:track:0dDlb3Xw9Jw19pWgd3YDqq
"Grover Washington, Jr.",In the Name of Love: The Elektra Recordings 1979-1984,Just the Two of Us,spotify:track:4C426PqeHP8XqHU5mQIAKS
Tems,Born in the Wild,Love Me JeJe,spotify:track:1eDI5oU04SLsXl0TfxfwYf
Rogue,Guiding Light,Guiding Light,spotify:track:6dbRhELPiOv4nUNu65lTUJ
Stephen Walking,Glide,Glide,spotify:track:7F0DDqZ6SdIUEMuo8eRlmv
SVDKO,Someone Better,Someone Better,spotify:track:5gQOnGVohNIiUniPwFicI3
Glacier,Still,Still,spotify:track:2hbdfMTQdbAAYwCrKC5P6M
Soprano,Cosmopolitanie,Cosmo,spotify:track:2a7Sqh8bpbabVWlY2jRET9
Noah Cyrus,THE END OF EVERYTHING,July,spotify:track:6J2LdBN97cDWn0MLxYh9HB
Ruger,Luv Again,Make Way,spotify:track:6HGeYNFZe51bX0yYOXuvcO
Fireboy DML,"Laughter, Tears & Goosebumps",King,spotify:track:1IARNA3zsu39Kul2ov9n3J
Stonebank,Strength Unknown,Strength Unknown,spotify:track:7Fn4aemJqeG8KwpklgfFu3
Cinema Kid,Everything Is Alright,Lost Time,spotify:track:5Z2AVQUoVPvnYVRAyEwsNc
Fairlane,First Time,First Time,spotify:track:3ieiPUk0K5skm4eJskNgXO
Jungeli,En Attendant Pour Le Peuple...,Petit génie,spotify:track:2NcvQ8N9ugSMforAJT0A4Y
Matisse & Sadko,Into You,Into You,spotify:track:2PhlrsYp7TSkK96ngbmL38
Duumu,Talk!,Intentions,spotify:track:4KpXk13YOML7ayS7qB1jAm
Rogue,Emeralds,Emeralds,spotify:track:64Qa4GFTr5wMR1maaR8QxY
Time To Talk,Know It All,Know It All,spotify:track:4jjRRB3aEM2IIXCTzw1XUN
Hatik,Chaise pliante,Angela,spotify:track:6XWK64p3Aw3MLOYOgy4h0P
Time To Talk,Time To Talk,Time To Talk,spotify:track:1rf9LQxoFOEbPruaHKwEOM
SLANDER,Hurts Sometimes (with Jonathan Mendelsohn),Hurts Sometimes (with Jonathan Mendelsohn),spotify:track:2wwSQbfTJUqNqDch31XUpW
Adekunle Gold,Tequila Ever After,Party No Dey Stop (with Zinoleesky),spotify:track:49ytLGEP5S20N3AhB5YuwJ
Tollef,Take Our Time,Take Our Time,spotify:track:6oQ2OaXrgaOKWElejwpMX3
WRLD,Monstercat - 10 Year Anniversary,Wishful Thinking - 2018,spotify:track:79hV9YHayd2RIzpgrxNVd8
Fairlane,Not My Night,Not My Night,spotify:track:6EUJEfYWvjdOzxpt2BIww6
Soundz,In The Rough,Pressure,spotify:track:0HLDthodq1LnJfNNqfvXQv
Codeko,On My Mind,On My Mind,spotify:track:66rZTAu2GHRAYDcqgyrwMV
Dmitri Shostakovich,"Shostakovich: 24 Preludes, Op. 34; Piano Sonatas Nos. 1 & 2","24 Preludes, Op. 34: No. 3 in G Major. Andante",spotify:track:70yFiAChfAa5RYsPEeLmyS
GIMS,Les dernières volontés de Mozart (Symphony),LOCO,spotify:track:36sechlCLEmV6QHNt8ryrF
Benson Boone,Fireworks & Rollerblades,In The Stars,spotify:track:315aBOUD3xtj7sUMXtRgMV
OVSKY,Time,Time,spotify:track:09QWHs7OAUAzHE0tF6HgDd
Ed Sheeran,Azizam,Azizam,spotify:track:0GRc3eGTg8HBdWLRGYgqIc
Omah Lay,Boy Alone,reason,spotify:track:0ectw8g5yRkC7GNsh6gP4h
Justin OH,Welcome to the City of OZ,U&ME,spotify:track:1Q0wd356RgkKKTuUQeHIiQ
Haywyre,Chromatically,Chromatically,spotify:track:6tr6rSUNVlBtTZUf0fFzKl
Abandoned,I Forget,I Forget,spotify:track:10AmknYgO115SmpHdYG68f
Ruger,The Second Wave (Deluxe),Girlfriend,spotify:track:57jUCJelGAISFxuea34lrr
NF,Perception,Let You Down,spotify:track:52okn5MNA47tk87PeZJLEL
Heuse,Don't Hold Me Down (Feat. TARYN),Don't Hold Me Down (Feat. TARYN),spotify:track:6WSso4E2ujl9LfTKooSXuN
Syn Cole,Wicked,Wicked,spotify:track:2bdLxKhTVNI8eBrzWd8fvg
JVKE,this is what space feels like,this is what space feels like,spotify:track:6PetYmvjKZBjiUYlnlAcn1
Tom Wilson,Run For Your Life,Run For Your Life,spotify:track:1nC6gRkTjA7IIOnbKLixcS
Radiohead,Pablo Honey,Creep,spotify:track:70LcF31zb1H0PyJoS1Sx1r
Fireboy DML,Playboy,Peru,spotify:track:2ZFAAhOIIFuIKFWuE59UtM
Haywyre,Let Me Hear That,Let Me Hear That,spotify:track:5oCUFGQZvpOySLK1d1rgv1
Avenged Sevenfold,Nightmare,Fiction,spotify:track:3b3eu3uMp1b9xPOHbfSwBi
Grant,Move On,Move On,spotify:track:5jnoK2o5jY46qhPR30RepX
Tam Sir,Coup du marteau,Coup du marteau,spotify:track:3YRe2NXbJ5aalCE0YH6YBo
WRLD,Chase It,Little Too Close,spotify:track:4FJQhrYrmnUnmbQyKlyHfq
WRLD,Awake,Awake,spotify:track:5T1yRFyoxOVfVhHwOWIVii
Captainsparklez,Revenge,Revenge,spotify:track:0z3XcxcrqvWe36Dtgiqrh0
TOKYOSLEEP,Phonk Para a Loucura,Phonk Para a Loucura,spotify:track:06R3d9NRja2ucOAUbZiAYK
Lukas Graham,Lukas Graham (Blue Album),7 Years,spotify:track:23ihGIrYOSzNNGJ6STAxI4
Protostar,Galaxies,Galaxies,spotify:track:2xO3tUdbE42rjV81NrQJ0S
Kanye West,808s & Heartbreak,Amazing,spotify:track:0m3Ze0cy8qBHSsV2exAfCw
Slushii,Sober,Sober,spotify:track:3XlHlWFhlI4OZiguOMcuuc
DEXTER KING,Read Your Lips,Read Your Lips,spotify:track:7Hvefk37fvqZBtnDlp6ux9
Duumu,Never Had,Never Had,spotify:track:0yw9ZrCB8VEMQmI1DtKvrZ
SABAI,Where It All Began,Memories,spotify:track:4OZ7Xw6sxt4sMpmstB3qHS
Rogue,Imperfect Views,Imperfect Views,spotify:track:5GljXYUiVUzyinXkR0gwtq
Itro,Never Let You Down,Never Let You Down,spotify:track:5EeGShnS2D9qFggirp7mrT
Axollo,See It Through,See It Through,spotify:track:5Uj7iKHxYUIbj4WfSYr3xF
OVSKY,Stars,Stars,spotify:track:4dKgGP1Bz67PWlXsEi9VvO
SPINALL,TOP BOY,Sere (Remix),spotify:track:4GLbOfhuU3OXDlRH5RLs5k
William Black,Broken,Broken,spotify:track:2yg53XBaQDtIk6hYT2VFSD
Duumu,Worst Part of Heaven,Worst Part of Heaven,spotify:track:5FmjEg5dxgwW9k13rZuk13
Glacier,Temple Inward,Ubi,spotify:track:6nz2g8S5VMPzhTgeDWPdHW
Netrum,Any Closer,Any Closer,spotify:track:2XBb0SoYqyfkyXeIwKU9lN
Grant,Castaway,Castaway,spotify:track:63psBh1jACfpWZtpZQZbVM
Wande Coal,Realms,Again,spotify:track:6qk3jI8bKCgURI3h0d8zBZ
PNL,Dans la légende,Onizuka,spotify:track:4GCIYE1x1TWJCChPkpy9by
Scythermane,NUNCA MUDA?,NUNCA MUDA? - Super Slowed,spotify:track:2G3x7Ws9RFxg5tZjv390yj
Bracket,Alive,Mama Africa,spotify:track:5fobKrmWA5owgI5u8EcXSs
Rema,Calm Down (with Selena Gomez),Calm Down (with Selena Gomez),spotify:track:0WtM2NBVQNNJLh6scP13H8
Tyla,TYLA,Jump,spotify:track:6XpEm7VJ7TZxZTawH8BCSW
Benson Boone,Walk Me Home...,NIGHTS LIKE THESE,spotify:track:33vZRjxJScapmRShRJq8I0
Duumu,All for Nothing,All for Nothing,spotify:track:76yQuHHIdqCv1zCX1cTgYH
Craig Isto,GENESIS,Cant Get Enough,spotify:track:6iPgltr8YVSCrAVliIDMG9
Netrum,Backstreet Boy,Backstreet Boy,spotify:track:6j3JSY4y4r4yMyoE3vBiYo
Duumu,Talk!,Blinded,spotify:track:6aTb3KzWpJLxRoGPBmJCei
Creeds,Push Up,Push Up - Main Edit,spotify:track:3AjSfp5FDvwtMU9XBsbS8j
Forrest Frank,NEVER GET USED TO THIS (with JVKE),NEVER GET USED TO THIS (with JVKE),spotify:track:3dfQHA2aB7Eojax9qDA9Kx
Seven Lions,Island (feat. Nevve),Island (feat. Nevve),spotify:track:3HKiR4t12GW18bnPUVhx5l
Seven Lions,Light In The Dark,Light In The Dark,spotify:track:5WThXtwIJ4B2VS6TtwDiNF
k?d,CAGE SCRIPT,IF THIS IS A DREAM,spotify:track:6evviQsK6E43H91dZIHDi3
FWLR,Suspicious,Suspicious,spotify:track:1ny5YsFHhEA9UgP0HIAPMm
Bayanni,Bayanni,Ta Ta Ta,spotify:track:3rmqNsOiGqqvFNTmGlzl4R
Matt Sassari,Give It To Me,Give It To Me - Full Vocal Mix,spotify:track:5ZduaRci3iNUiDfJbBfAaf
Soprano,Freedom - Pt. I,Facile à danser,spotify:track:1BAhaepGunYohbQh6DpHXS
Scythermane,NUNCA MUDA?,NUNCA MUDA?,spotify:track:5EIjpM1B1VsLoKvv2iwd0P
3rd Prototype,After The Storm,After The Storm,spotify:track:52BBg6jRuwq506z2j2w3Xu
Stonebank,What Are You Waiting For,What Are You Waiting For - VIP,spotify:track:7E4IssrzkldvqRfSG2ox57
Charlie Puth,Nine Track Mind,We Don't Talk Anymore (feat. Selena Gomez),spotify:track:54PbBpquVfhfrwRwvjSXbI
Haywyre,Wisdom,Wisdom,spotify:track:1n0M5smaneRfE1Rp9Z3ude
Pixel Terror,Millennia,Millennia,spotify:track:3zYcdTFPsQrh4az4YY1wmg
Alec Benjamin,Narrated For You,Let Me Down Slowly,spotify:track:2qxmye6gAegTMjLKEBoR3d
Deaf Kev,Safe & Sound,Safe & Sound,spotify:track:0Fe2cz8ERTtzHGfKFWML6B
ellis,signals,promises,spotify:track:5mP03KQ4EJSfUOMDgFPWd4
The Chainsmokers,Memories...Do Not Open,Something Just Like This,spotify:track:6RUKPb4LETWmmr3iAEQktW
Maazel,Right Now,Right Now,spotify:track:1h91DNP67Ht4aMHq8qqYJy
The Chainsmokers,So Far So Good,High,spotify:track:09AvsbivV1FQBRAEBJh7UL
Gazo,KMT,DIE,spotify:track:3D29kjUyWxsT3jUUTtARVQ
Auvic,Voices Call,Won't Even Matter,spotify:track:4ZMu3REz2CALdtviXmlmha
Trivecta,Hear My Call (feat. Tyler Graves),Hear My Call (feat. Tyler Graves),spotify:track:2p1taQKLDOA4tIsLTlLSoj
Kovan,Brokenhearted,Brokenhearted,spotify:track:4gCoyfu6rqGh2DyakaHFw8
Glacier,Dancing By Myself,Dancing By Myself,spotify:track:5P9FXrER6wiRqG2E12rMO7
Rad Cat,Love & Illusions,How Could I,spotify:track:5LtGOZIxTcVtOKizpwvw1K
Afro B,Afrowave 2,Drogba (Joanna),spotify:track:0dCOSNPQizhMMjO6UxGlzi
GRAHAM,Thinking About You,Thinking About You,spotify:track:27isIXvB8Hs5sM8lYGkkTz
Benson Boone,PULSE,Coffee Cake,spotify:track:31XxRxQ4g4mVkHoJwhCJ5z
Maazel,Another Way,Another Way,spotify:track:2flM5XxqYKS5GWC1CV0rJL
Joya Marleen,Driver,Driver,spotify:track:49k2jh99QkPqPIZgOzaW9g
Jahyanai,Dweet So,Dweet So,spotify:track:4pt4Wd2Lyj2aEuJ3stHKJ2
Benson Boone,Fireworks & Rollerblades,Slow It Down,spotify:track:51eSHglvG1RJXtL3qI5trr
Pheelz,Finesse,Finesse - feat. French Montana,spotify:track:1K1nl1dGNDX5LuLcDbT9ED
RandJess,Chez toi,Chez toi,spotify:track:5bhrxx49eUmK4i33QlpcYK
ellis,Moon Funk,Moon Funk,spotify:track:7rzA5tg7MLisbKVkO1AZqF
SABAI,Mirror,Mirror,spotify:track:7Cn5dFvCckY1q6pB8u0WHt
Édith Piaf,de l'accordeoniste a milord,La foule,spotify:track:2xZfPZxInlDXDKc6NDts8Z
The Night,Set Me Free,Set Me Free,spotify:track:4zr2B2gTsxF8LG9aOoRVFj
Rootkit,Recursion,Promise Me (ft. Noé),spotify:track:3HxHbq32hLrCrWb0PVEBph
Dyro,Memory Bank,Memory Bank,spotify:track:43aktSsHN3Pgu0dzw3BS5W
WRLD,Endless Dreams,Rooms,spotify:track:7mzJ8Xh9dJdocmnd14eNk5
FWLR,Bust It Out,Bust It Out,spotify:track:1nehyPPIVvbeSK2ExzaWBF
Richy Mitch & The Coal Miners,RMCM,Evergreen,spotify:track:6me7F0aaZjwDo6RJ5MrfBD
soupandreas,Hours,Hours,spotify:track:4VaCl3d8D24eGGDf786siN
Bad Computer,4D,4D,spotify:track:2v4bGopODBEOQqWzg31R2s
Lil Dicky,Earth,Earth,spotify:track:7lakl3bPRdQqUGX9m755jX
Dion Timmer,Kibo,Kibo,spotify:track:0yUs4kfYFLWI72EOhhtNyI
Luciano,Seductive,Another Vibe (feat. Omah Lay),spotify:track:1sNQMj0Dq0UHrryEQqP4OY
Trivecta,Tornado,Tornado,spotify:track:3Yq9uBbAWY4FTvMO6IzPL1
Bad Computer,Somewhere New,Somewhere New,spotify:track:0XdMaSEjQvMM4HKN6Ch8zw
DJ JBK,EU SOU U FUNKY BEAR,EU SOU U FUNKY BEAR,spotify:track:1WIRB0fRRWJwO4vKqLyvp6
Notaker,Genesis,"Wake Up, You're Dreaming",spotify:track:6IilOt8IAEuoy8yMpUVrzG
Johann Sebastian Bach,Baroque Piano 2,Bach: Prelude No.3 in C# Major (Wtc Book 1),spotify:track:0aq2pG9XQMEaxqskpMBmWE
Summer Was Fun,Lost With You,Lost With You,spotify:track:2An4NBXvmzU7pMeiEDl3Go
Fireboy DML,Peru (Remix),Peru - Remix,spotify:track:7voSun33hCNkIrjxaj3g47
Grant,Dead Man Walking,Dead Man Walking,spotify:track:4ZPwjq0CdxbWFNycxnSUJc
Rogue,Fortress,Fortress,spotify:track:4dIjmaNCYmzgTOW8K1MouO
Fairlane,Uncover You,Uncover You,spotify:track:22NvOEYcQRH4h4fN7d5E5B
Maleek Berry,Lately (feat. Ruger),Lately (feat. Ruger),spotify:track:46FW3Liu7MUD6yrmhPXc5C
Fireboy DML,Playboy,Bandana,spotify:track:2qWwuCVeMjF9mUT0S5Iqvl
Netrum,Phoenix,Phoenix,spotify:track:3SuxtjdFxY3RIaWyPgtkfk
Sabrina Carpenter,emails i can't send,Nonsense,spotify:track:6dgUya35uo964z7GZXM07g
Camidoh,L.I.T.A,Sugarcane,spotify:track:2HfK1KumDffDWPZga46Hmw
Wind Walkers,What If I Break?,Bodybag,spotify:track:4r9UplnreIv8JVJ3szdPJV
Fairlane,Replay,Replay,spotify:track:3BCvKuuw1GCKGlwjgfrOoH
ellis,Clear My Head,Clear My Head,spotify:track:4ZjmTlpQargrrhv6Qc6eHH
Clean Bandit,What Is Love?,Symphony (feat. Zara Larsson),spotify:track:72gv4zhNvRVdQA0eOenCal
Larza,All I Know,All I Know,spotify:track:4OLamrDa440cto7QURj0ie
vaultboy,everything and nothing,"everything, everywhere (feat. eaJ)",spotify:track:6SJPvgJLhfnXb7qNZ5Ch2f
Rogue,Empires,Empires,spotify:track:19wt47erWf03RJaFe1lbLW
Aeden,Ain't Nobody Perfect,Ain't Nobody Perfect,spotify:track:2BUkBaZHpeP2aGEe9tzC5l
Dr. Yaro,Minimum ça,Minimum ça,spotify:track:4mNttG8qiVh4BKrMUrUhCI
Justin OH,Rearview Mirror,Rearview Mirror,spotify:track:0h2Bj862LhP1ga1bihwvsX
melvitto,Trouble,Trouble,spotify:track:5yplb3035SZqG3E6TArvGK
Alec Benjamin,12 Notes,Different Kind Of Beautiful,spotify:track:3jrb2KoLLedLQs73uQpb8v
SABAI,Me + You,Me + You,spotify:track:67Ofuh3wMLQoSNzqePT5xE
Ogryzek,GLORY,GLORY,spotify:track:2YZ7CJV3Q1OGh7ZL9PYWcP
Caleb Hearn,Little Bit Better,Little Bit Better,spotify:track:0GMs3jq70wmCo12pavj4st
WRLD,Chase It,Chase It,spotify:track:5bGy2uC2zUDmveSkq6Fnoo
Throttle,Where U Are,Cities,spotify:track:6t67COokESOCeqHkMNroSu
SABAI,Me + You,Me + You - Rogue Remix,spotify:track:3wZ1U3hCtqK8HQkqLJixL5
Ice Prince,Fire & Ice,Shakara,spotify:track:5XeMITYsLdefeCB0Q1RVOU
Dave,Meridian & Special,Meridian,spotify:track:09FcXaLu1BdrRNgxyBi6p5
L.A.X,ZaZa Vibes,Sempe,spotify:track:7AbLGIOzFkx6jHq5en5xiH
Conro,luv(drunk),luv(drunk),spotify:track:7oJPmo2YL566okOf1RQcCp
Ogryzek,AURA,AURA,spotify:track:2TNv2GxMpIO8AyPiD7TLxj
Fonzi M,"Parting: Riko in the Aquarium (From ""Jujutsu Kaisen Season 2"")","Parting: Riko in the Aquarium (From ""Jujutsu Kaisen Season 2"")",spotify:track:6IC72zLhmxzKn8LwsAFLDU
Hollywood Principle,Starting Over (Deluxe Edition),Seeing What's Next - Kev Frey Remix,spotify:track:7MVaOUfZO4hSBjj88l6Udu
Leonz,Among Us (Trap Remix),Among Us (Trap Remix),spotify:track:6kyHcHEBPtwjEbUWrNuLlv
Starjunk 95,Virtual Paradise,Ocean's End,spotify:track:4GGnkBcKLb6P8yf7vKO0Rz
Asketa & Natan Chaim,No Crime,No Crime,spotify:track:41mFDh95BcXwmay7wvrv9A
Bruno Mars,24K Magic,That's What I Like,spotify:track:0KKkJNfGyhkQ5aFogxQAPU
Alex Warren,Ordinary,Ordinary,spotify:track:6qqrTXSdwiJaq8SO0X2lSe
Arlow,Freefall,Freefall,spotify:track:3uplouj624e3YhiPd3lETR
Rogue,Let's Talk,Let's Talk,spotify:track:6n4K23HLzKb1SXxfhyFEks
William Black,All Falls Down,All Falls Down,spotify:track:41BcwBcn1NrL2cJk69pYA8
Maazel,Memories,Sundaze,spotify:track:2RcRgWkt8Y28IoUUz1hbOy
Oliverse,Unspoken (MUZZ and Oliverse remix),Unspoken - MUZZ & Oliverse Remix,spotify:track:7gI6SoPMfZOdDF0LaBKtLE
Madeon,No Fear No More (Remix),No Fear No More (Remix),spotify:track:36X1P3v7N1dv06bh2aPtMF
Ruth B.,Safe Haven,Dandelions,spotify:track:2eAvDnpXP5W0cVtiI0PUxV
Syn Cole,Drift,Drift,spotify:track:1nN4hImiv5VUApR5bnqrvS
Snareskin,Forward,Wonder,spotify:track:5cEJEM5i1tSSQpShKWnnfy
Dadju,Poison ou Antidote,Dieu merci,spotify:track:11Qk2ErD3ckafyw4RqQsQK
Summer Was Fun,Love Back On,Love Back On,spotify:track:4xrKo7ZQR9ccfyZ5ohS3YU
Ephixa,Rocket League x Monstercat Vol. 1,Skyforth,spotify:track:7wDOBzOHszxxCtcuUX6ccc
1da Banton,Ego,Ego,spotify:track:6XdAvTC80727JAI9HBAVLc
Tokyo Machine,Last Summer,Last Summer,spotify:track:7pxRBbUWBcVoTWi3MiFl6V
CYRIL,Stumblin' In,Stumblin' In,spotify:track:0h3Xy4V4apMraB5NuM8U7Z
Summer Was Fun,My Dear,My Dear,spotify:track:5y4In7WNG50knStmctWMTB
DEXTER KING,Only You,Only You,spotify:track:1OGldKGlJ8FYrKn3pDhYCO
Kanye West,Graduation,Homecoming,spotify:track:4iz9lGMjU1lXS51oPmUmTe
JJD,Somebody Like Me,Somebody Like Me,spotify:track:7tXOUsVnja9CM4ZqpsIRyL
Conro,Every Little Thing,Every Little Thing,spotify:track:6CShhNa33zOmCqJ0SkjsWc
Kizz Daniel,Maverick,Cough (Odo),spotify:track:3nT2nrfb3FMLg03W4mPaBl
Haywyre,Stay With Me,Stay With Me,spotify:track:7iUwAd991c04qMudwhnooV
Rootkit,Recursion,Sparks (ft. Casey Cook),spotify:track:6bcW5cDnNfnaN6xJY4ylor
Dmitri Shostakovich,"Shostakovich: 24 Preludes, Op. 34; Piano Sonatas Nos. 1 & 2","24 Preludes, Op. 34: No. 9 in E Major. Presto",spotify:track:4OCHZZoyLgiYaBKeuKowEu
Glacier,Temple Inward,Hang Limb,spotify:track:6LkQPGcAkUdoOzbIsxhI5M
Cartoon,Omen,Omen,spotify:track:2bjtlNmO8Rf5Bl4rxNl3GJ
SABAI,Falling For You,Falling For You,spotify:track:6EW5mHMHEcsL1RSpy1HQ6p
Wande Coal,Legend Or No Legend,Ebelebe (feat. Wizkid),spotify:track:2mwNqgMNrguu5Xlns3kqeg
Haywyre,Change Your Mind,Change Your Mind,spotify:track:7Mw7zNEhjmCu9NIiXsOodb
Haywyre,Panorama: Form,With You,spotify:track:3gCF6JWBIyUxkKSA5GjCPR
JJD,A New Adventure,A New Adventure,spotify:track:04r5klWM74XGaS9cKB8COE
GRAHAM,See You Later,See You Later,spotify:track:4FZBrifL01KBDmULrwXHjj
k?d,CAGE SCRIPT,PROTECT ME,spotify:track:25IKQf7q26ktWb3JluaM2U
WRLD,Chase It,Style,spotify:track:6eU9JuPk9JFehr1ET7p7jz
Taron Egerton,Sing 2 (Original Motion Picture Soundtrack),A Sky Full of Stars,spotify:track:2VeLdiYiILcCOEV0izfzEW
Billie Eilish,"What Was I Made For? [From The Motion Picture ""Barbie""]","What Was I Made For? [From The Motion Picture ""Barbie""]",spotify:track:6wf7Yu7cxBSPrRlWeSeK0Q
smle,2 Me,2 Me,spotify:track:6gafxcLRfIkmCsV1OVzreN
NEFFEX,Losing My Mind,Losing My Mind,spotify:track:1zzmVA90i4gj0C8bnEpcpF
demotapes,anywhere but here,anywhere but here,spotify:track:0uR4Uhv8MiGJOYHPh0ZaB1
Bazzi,Soul Searching,Paradise,spotify:track:0Rx0DJI556Ix5gBny6EWmn
Olamide,Unruly,New Religion,spotify:track:0U6EtYtNKv8t3o9cjniLn2
Bad Computer,Voyage,Voyage,spotify:track:1sJNxQ0Ih4CXCGhHsBRNZH
soupandreas,Tumbling Down,Tumbling Down,spotify:track:6IcNdqF3kG6zlqM66WSVFE
Strings And Heart,Secret Place,if i don't got you,spotify:track:6kkpKpSIxrWihMFpbTS3VU
Lewis Capaldi,Broken By Desire To Be Heavenly Sent,Forget Me,spotify:track:3iHzKA9HlXf5wsGdsrsnSA
Orelsan,La fête est finie,La pluie (feat. Stromae),spotify:track:4cYFep5SECqb4EsSkF82e0
Aviella,Way Back,Way Back,spotify:track:0TEiOUYQYGeDsoBqVSZYIQ
Chuck New,Clear Skies,Clear Skies - Original Mix,spotify:track:200uKVejIw3yvChwNLBfl5
Maleek Berry,Secrets,Secrets,spotify:track:3GcJMp3qA4F8S2vGZ4yZ0N
Pixel Terror,Upgrade,Enigma,spotify:track:0X5L64QO8VX9nUgI7Evti9
Said The Sky,Wide-Eyed,Show & Tell,spotify:track:3OAeD8xwRSYtTeyuVXfBiv
Davido,Timeless,KANTE (feat. Fave),spotify:track:7vKXc90NT5WBm3UTT4iTVG
Kizz Daniel,King Of Love,Boys Are Bad,spotify:track:6nnZHjSHt0ZNtx4bIUky9P
JVKE,this is what autumn feels like,this is what autumn feels like,spotify:track:2YOGCTiPJWMhZRdeadFj8G
Sheet Music Boss,Rush Collection,Rush E,spotify:track:7CBN7Kwx1g8SBJZyUbhHc6
Madeon,Good Faith,No Fear No More,spotify:track:2TZ9kaTiLewawHZK7yylSC
Rogue,Fusion,Fusion,spotify:track:3NFMtvHUocNUXguNAS3Z5q
Netrum,Desert Island,Desert Island,spotify:track:567fFSRXUN8nsQtUiemL2w
Conro,All Eyes On Me,Kick It,spotify:track:259cipqzxTmLPvXh5NjoWO
REAPER,CHALLENGER,COLD CASE,spotify:track:6R9lDP59Iz5IFmapQySW4c
Burna Boy,Higher,Higher,spotify:track:7fA7mrYaXVDVVGCAV65NRN
Trivecta,Leave It All Behind (feat. Fagin),Leave It All Behind (feat. Fagin),spotify:track:0UZbbFkDzcwLMOo8QZn6xD
Rob Gasser,Whole (Rob Gasser Remix),Whole - Rob Gasser Remix,spotify:track:2G7zuAZ2acarhEapvtCaPq
Lay Bankz,Tell Ur Girlfriend,Tell Ur Girlfriend,spotify:track:3lMzT16MjAKKXF7pSZn13B
Victor Thompson,Blessed,THIS YEAR (Blessings),spotify:track:3ibXZkzvCPZ6lWbfubSolQ
Lucenzo,Mambella,Mambella,spotify:track:48xHszgl5GSK5nefCOiFov
Henry Moodie,in all of my lonely nights,drunk text,spotify:track:6EIMUjQ7Q8Zr2VtIUik4He
Haywyre,Two Fold Pt. 2,I Am You,spotify:track:5r4M8tnr4Qk1ziI5iAWZe2
Athena,Moment,Moment,spotify:track:0NWoUXhNcS7vih0UUkF5IT
Tokyo Machine,ROCK IT,ROCK IT,spotify:track:1yv3aBLO9rgyEHmAR7jI1M
Grant,Color,Color,spotify:track:5gneV1qwaIndUU4aZ3uhXP
smle,Found A Reason,Found A Reason,spotify:track:15SzP6q319iWT6yfoDYUho
Forrest Frank,NEVER GET USED TO THIS,GOOD DAY,spotify:track:1uLLsBiIuchCYpkSyhK83Y
Benson Boone,Fireworks & Rollerblades,Cry,spotify:track:3h76tbaYIamSeJL81X7ZwI
Haywyre,Use My Love,Use My Love,spotify:track:212tIxatoiyc4wYshhQswW
Fairlane,Genesis,Panic Room,spotify:track:5eAj2pxboGbynLBrKPvRiq
LIONE,Adore,Adore,spotify:track:4yg3BiEztuvnH27Qn8OOZv
Time To Talk,Street Lights (Ft. Axollo),Street Lights (Ft. Axollo),spotify:track:6hBPYmzc8rxoQSEnS93SDr
Duumu,You Used To,You Used To,spotify:track:1ZZ6XWVDYCXs1mzg1Dn2fq
Emei,Scatterbrain,Scatterbrain,spotify:track:0LVdV9NG0y0ROxbYLpjbKc
Axollo,Versailles,Versailles,spotify:track:4siJOVaRpyJ0v1nHjeY7Dn
Vanilla Ice,Vanilla Ice Is Back! - Hip Hop Classics,Ice Ice Baby,spotify:track:3XVozq1aeqsJwpXrEZrDJ9
Alok,Deep Down (feat. Never Dull),Deep Down (feat. Never Dull),spotify:track:7MIhUdNJtaOnDmC5nBC1fb
Rogue,Starlight,Starlight,spotify:track:128BW48JmONhjYQzUUwigC
Riton,Friday (feat. Mufasa & Hypeman),Friday (feat. Mufasa & Hypeman) - Dopamine Re-Edit,spotify:track:4cG7HUWYHBV6R6tHn1gxrl
Wowkie Da,人間精品,陽光彩虹小白馬,spotify:track:4VYv4gIbr6XPWKTddnGBlh
Slushii,Rocket League x Monstercat Vol. 1,LUV U NEED U,spotify:track:0VbUNUwSXJ4hMdPiO7Ov0c
ellis,The Taste/Orbit,The Taste,spotify:track:5GgiDYTRlUqnl0v0kCSgeH
Dadju,HÉRITAGE,I love you,spotify:track:6jDe94y1dbLDU53Q1NPxLH
ellis,Keep Me Awake,Keep Me Awake,spotify:track:7vhWUgU96ndZl5ktfPC0Zk
JVKE,next to you,next to you,spotify:track:1GmZgx9giHMoqXqYBqbtw7
Rogue,Rocket League x Monstercat Vol. 1,Fury,spotify:track:2RqIPXi0KoDdP8aZC5ZYZR
Davido,Funds (feat. ODUMODUBLVCK & Chike),Funds (feat. ODUMODUBLVCK & Chike),spotify:track:7LZkMeX1k8PXQJ0SVYn1A5
Rvssian,Santa,Santa,spotify:track:6a9Z1jUms915w4O7N1PxjY
King Serenity,All for U (Ameyatchi),All for U (Ameyatchi),spotify:track:7LjHqvRyDcMZ9rJ1XuY0IP
Hoaprox,Unbreakable,Unbreakable,spotify:track:72KWzvjNEvKwsJAGBFlrHT
Rogue,Monstercat - 10 Year Anniversary,Motion - 2014,spotify:track:6dueHEeoj9L8Nb8aJ918Sa
David Guetta,Beautiful People,Beautiful People,spotify:track:4TwEdnSiTPDR1vg1QZ5K8W
Vindata,With Opened Eyes,Good 4 Me,spotify:track:62gZS4H4ujfLXUSnr5aA85
Aya Nakamura,Doggy,Doggy,spotify:track:5S1ianZQLvtoL2A7rUETlq
Abandoned,Bring me back to life,Bring me back to life,spotify:track:2SF8pV2qNvJP9dpADWFCoX
NF,The Search,The Search,spotify:track:3oLe5ZILASG8vU5dxIMfLY
JJD,Can't Say No,Can't Say No,spotify:track:3GjkAL654ijp5s8Xkh93wV
Driks,Enmalaøue,TT,spotify:track:5LBswCrHQQAOsSNf6v9b5U
Conro,Level Days,Therapy,spotify:track:5q7AR3TkyCxlgxAjBMu4yL
Rome in Silver,Forever Flame,Skin,spotify:track:28ipV6hkWWpUk4DZ5dU7lX
June Freedom,Anchor Baby,YSL,spotify:track:10U0rbctNl1DWEuCn1ETm6
Aya Nakamura,NAKAMURA,Copines,spotify:track:65PsPkMG2QiFM8N5qnuv4B
Half an Orange,Buzz Lightyear,Buzz Lightyear - WRLD Remix,spotify:track:7cRWofb8ObVKlDDYaQy6lR
Zedd,Tangerine Rays (feat. Bea Miller),Tangerine Rays (feat. Bea Miller) - Instrumental,spotify:track:452AlmTgdt5oQfIoiC84SO
J.Tajor,Like I Do,Like I Do,spotify:track:1TiZWEsxN85yLJBq56K8mG
Anevo,Don't Shoot Me Down,Don't Shoot Me Down,spotify:track:4ymz9jrj3HKWBBSYeWcxqh
Omah Lay,Boy Alone,understand,spotify:track:6oOCGD2Sp9UTcDsuDz8Hdu
Porter Robinson,Shelter,Shelter,spotify:track:2ewEh7LuvToYyGHq7yT8N1
Grant,Weapon,Weapon,spotify:track:0jdi6xVBhk96OEoO53yORN
Haywyre,White Lie,White Lie,spotify:track:05W5WSaPyW5GCiNY5gOuyH
Kizz Daniel,Maverick,Shu-Peru,spotify:track:0TZMDJP2MrGTSmWqUnswUh
Starjunk 95,Dreamfields,Dreamfields,spotify:track:329mJLjItwEpkrOSD0HZp1
Asake,Work Of Art,Basquiat,spotify:track:2H0w7oYDjUvgsFlNQ5swIg
KATSEYE,Touch,Touch,spotify:track:6aJn7Cst74cj4lNIiPRgav
Pink Sweat$,Run Through Fire,Run Through Fire,spotify:track:4U3Xw68LAgaiJahg8Jtoy9
ellis,chihiro,chihiro,spotify:track:4F3Es2fyqzbHj5HSxaaZJz
SPINALL,One Call,One Call,spotify:track:3qSk5TP4A8gQIsb8iNVwnx
Zedd,Tangerine Rays (feat. Bea Miller),Tangerine Rays (feat. Bea Miller),spotify:track:1fcuZ3LQvpEGCLvt5nvXbm
Tayc,Fleur froide - Second état : la cristallisation,D O D O,spotify:track:2dJMDzMF5jMvVFKLTci81H
TheFatRat,Unity,Unity,spotify:track:47qYqGPgMTh3l1PRKBHEfI
Fairlane,Enough,Enough,spotify:track:4xWrOA5JJHJkzJV9IUtqKC
Nathan Evans,Wellerman - The Album,Wellerman - Sea Shanty,spotify:track:0WoQSoNO40qdY3j6PxMy4b
Hoaprox,New World,New World,spotify:track:5GK8wzxYwiTqBRwpFzDneq
Axel Oliver,Survive,Survive,spotify:track:3GFe0eZOOk3Fzkb902ZRQR
smle,Overflow (feat. Helen Tess),Overflow (feat. Helen Tess),spotify:track:6qTpWr6mNtCWaCqohRyvJo
Fireboy DML,"Laughter, Tears & Goosebumps",Feel,spotify:track:03cKmr45ZcgYzng3s76STy
Tayc,Fleur froide,N'y pense plus,spotify:track:3qe7VcbqjYNvFwhP0sFItH
Lost Sky,Need You,Need You,spotify:track:6PewGjMYsJCzIjldrCuZvB
Anomalie,Métropole,Velours,spotify:track:6qelWJZgIv9woWtbOfrktP
Burna Boy,African Giant,On the Low,spotify:track:1zIk8RJEKGvoH4FioFnGyJ
CG5,Show Yourself,Show Yourself,spotify:track:4hXhqKEIFqJpqFybpKtAWz
The Night,Different Story,Different Story,spotify:track:3xLSTqqHaPG6Vcn3UnFk0F
Madeon,Good Faith,Be Fine,spotify:track:7vm3Z78elWY11Xl6MNuXng
KeBlack,Aucune attache,Aucune attache,spotify:track:3KZN01EuBoqh04jyGXpnxr
Kizz Daniel,Maverick,My G,spotify:track:25k1dcqUAmq4uYKUFj7u3o
Jungeli,Petit génie,Petit génie,spotify:track:1eldTykrnkEBLX41bk5eMw
LDRR,Mangos,Mangos - Tiktok Version,spotify:track:1wD755PZiaAhiCOgvFLGq6
Sabrina Carpenter,Espresso,Espresso,spotify:track:2qSkIjg1o9h3YT9RAgYN75
Midas the Jagaban,Party With A Jagaban,Party With A Jagaban,spotify:track:5BkBcXJ0rDRlnzh3tmknxI
Imagine Dragons,Night Visions,Demons,spotify:track:5qaEfEh1AtSdrdrByCP7qR
Feint,Do Better,Do Better,spotify:track:5RkJMrhW5aU2zMuJcZUNmh
NF,The Search,The Search - Edit,spotify:track:4tZDUt8vHpvjfOXcHwOvtq
Quentyn,Nobody,Nobody - ellis Remix,spotify:track:4yB1cqgwHDEWlmvLchc7KX
Wande Coal,Legend Or No Legend,Come My Way,spotify:track:6fE4kU5eTm4cKOV0tRoXPo
Fly By Midnight,Fictional Illustrations,In The Night,spotify:track:6QMWZGwkpUS7RtgRgRcW5x
inverness,Good Feeling,Good Feeling,spotify:track:0n5HbXi8xmzz4Z9Wlx142C
Grant,Starship,Starship,spotify:track:7ufQABBznNazPQD2InqedF
Bayanni,For Where?,For Where?,spotify:track:1uBZovogMw6DSL2DkNOwnX
Hollywood Principle,Play,Spell (Radio Edit) - Sando Remix,spotify:track:1DmDx8LbqoKf73E1zEv0wY
LOSTWIND,Not Fear,Not Fear,spotify:track:3BTzYzMx2KT0UjBxv3gV3a
Kizz Daniel,No Bad Songz,Nesesari,spotify:track:1yOt3NUFWpYbnFW6ISj59h
Lil Nas X,MONTERO,MONTERO (Call Me By Your Name),spotify:track:1SC5rEoYDGUK4NfG82494W
Pheelz,Pheelz Good EP,Pheelz Like Summer,spotify:track:3zX0dMVPyLnut4t7WOPJ5Q
Grant,Are We Still Young,Are We Still Young,spotify:track:7zPAsqqz9M5qcpG42YUiug
Rogue,Oceans,Oceans,spotify:track:1p7IP0JMy5fuOdozeoDmnh
BEAUZ,Crazy,Crazy,spotify:track:5nihLVpUd4birzwDlSp1Ph
Fairlane,Hypnotize,Hypnotize,spotify:track:67Sb5mCfhpMDiD2ZbIGh4S
Notaker,Each Other,Each Other,spotify:track:1RX7o9psT151nul0lEQaGX
Hollywood Principle,Starting Over (Deluxe Edition),Seeing What's Next,spotify:track:6zjL2tEXmRPuVzDm5cTwg3
Blanke,Heavy Heart,Heavy Heart,spotify:track:2Cg5nw3PsrHYudEux8IBcT
FWLR,Numb,Numb,spotify:track:630NiPTctVxSOSXaqFdPVS
Benson Boone,ROOM FOR 2,ROOM FOR 2,spotify:track:7wfxf9QXBIWgBx1aG5QWhR
WRLD,Fighter,Fighter,spotify:track:7JvI0T1RzjZt93IipAaIzh
Tyler Shaw,Tyler Shaw,Love You Still (abcdefu romantic version),spotify:track:1et7vATtyqLfNMjTTZIYk1
Devin Kennedy,Poetry,Poetry,spotify:track:1Az7ISXH7Fga46OH5eeMxG
Savoy,How U Like Me Now,How U Like Me Now,spotify:track:4L1oxL4LBUZIdXXm7aDpc4
Duumu,Talk!,Talk!,spotify:track:70lAyvXXcWXUtuA4x9J2iz
WRLD,Chase It,Echo,spotify:track:69b9S93kHT979Iw3rvev89
melvitto,soon.,Usual,spotify:track:7zubSmuSBhEmxJVcOkxvP9
Jay Cosmic,One Way Dream,One Way Dream,spotify:track:35kDHnK9qdSKBaKBzIWFZ6
Julian Calor,No Fear Anymore,No Fear Anymore,spotify:track:0vAXgfcS2hMaml2hAS1lgm
smle,Reasons To,It'll Be Okay,spotify:track:2c0rr5Pr4gKtx1z5T64kSs
Tails,Skeleton (feat. Nevve),Skeleton (feat. Nevve),spotify:track:1GwqcAFR5f3r5xdwtYuuY4
Arlow,Slip Away,Slip Away,spotify:track:316uf691AwTyNmSmcr6ceL
Aya Nakamura,NAKAMURA,Djadja,spotify:track:6FqqTni0AEtGXynpMpDm4L
Grant,Lush,Lush,spotify:track:0ZLBYoLxyONV8gOhlYXL6q
Arlow,21,21,spotify:track:24pJ8Wvu3NjSAcAqzw769n
Travis Scott,UTOPIA,FE!N (feat. Playboi Carti),spotify:track:42VsgItocQwOQC3XWZ8JNA
Victony,Soweto,Soweto,spotify:track:5Ju8uIo67PEzN8z2T8HzPH
Syn Cole,Time,Time,spotify:track:3kKma7s3lt05qH4rBYdUMp
Rednex,Sex & Violins,Cotton Eye Joe,spotify:track:0Jg602cHeMCnPez9baacIe
Rich Edwards,Where I'll Be Waiting,Where I'll Be Waiting,spotify:track:3bEpiGFnLy4ufim9JZtJYg
OVSKY,Warmer,Warmer,spotify:track:3J2KzuvIYC9Ao489gZSsIM
ellis,Speak Français,Speak Français,spotify:track:01wF8pNBnPvDuKEkjdwzcx
JVKE,this is what forever feels like,this is what forever feels like (with Nick Jonas),spotify:track:3uTsiaNxy6h6EAd7MsCf9D
Fireboy DML,Peru,Peru,spotify:track:3s1KwrLP0NlFWiWbjz6bfQ
FOLA,what a feeling,mandela (effect) (feat. Magixx),spotify:track:4PBH7Qz95JwH0NmA7Uv1uC
Blaiz Fayah,Level Up,Best Gyal,spotify:track:6LX3k2Su3r5KIEHZbvhxoG
Deaf Kev,Go Back,Go Back,spotify:track:0K1DtjijDayuw6t4KgpZQ6
Ruger,Toma Toma,Toma Toma,spotify:track:40t1l3IPtEIjlhAUPxn7jd
1da Banton,African Woman,African Woman,spotify:track:40gZxjOm4zW3AoHBJJWbkB
Jason Derulo,Nu King,Acapulco,spotify:track:6H0gZ1R4W9tIbb6HVvjNEe
Ayo Maff,Dealer,Dealer,spotify:track:5Wxkvvb6pLky16pwq4gBI3
Victony,My Darling + Angelus,My Darling,spotify:track:1Lyo0G6hpTjWfWi8zjd9Wz
Conro,Close,Close,spotify:track:5lkWbNhAqTbNEWFS2iKhWg
Syence,talking way too much,talking way too much,spotify:track:43yzwylP0ULvJ2B9z6MCuc
JVKE,clouds,clouds,spotify:track:1Gp3vNi64EY7sEStAZ51en
Tom Wilson,Be Myself,Be Myself,spotify:track:0T0f9GsY5PeYmEXG3lCins
Wejdene,16,Anissa,spotify:track:4KSrOplebZeGWmUPWxi82N
Feint,Outbreak,Outbreak,spotify:track:2eQUzzwm9FKMtx98qsWsFf
Tom Wilson,In Your Eyes,In Your Eyes,spotify:track:3ajnP3J1EEPpdCjIF9keIE
Tom Frane,Never Let This Go,Never Let This Go,spotify:track:65V63VSXdLbBlU2v7mF6Wk
Justin Wellington,Iko Iko (My Bestie),Iko Iko (My Bestie),spotify:track:7MC4XR9M9amdmKQr2iDF7i
Wizkid,Morayo,Bend,spotify:track:2GZNKi3rgaT1ZKpkKDkA0Y
