artistName,trackName,0
Grant,Weapon,129
Rogue,Fortress,111
Half an Orange,Buzz Lightyear - WRLD Remix,99
WRLD,Chase It,97
Half an Orange,Mark Twain - Glacier Remix,89
Fairlane,Hypnotize,86
smle,Runnin,81
Fireboy DML,Peru,74
Haywyre,With You,72
Rogue,Fusion,72
Haywyre,Tell Me - Ellis Remix,71
Wande Coal,Come My Way,68
Rogue,Let's Talk,68
Fireboy DML,Diana,67
FWLR,Cave Me In,65
WRLD,Wishful Thinking - 2018,64
ellis,Feel That Way,63
Grant,Dead Man Walking,62
Haywyre,Never Count On Me,61
Haywyre,Tell Me,59
Ruger,Toma Toma,59
Grant,Without You,58
Trivecta,Break Me,58
WRLD,Style,57
ellis,Brand New Phone,55
ellis,Speak Français,55
WRLD,Little Too Close,54
Seven Lions,Only Now (feat. Tyler Graves),53
Justin OH,Rearview Mirror,53
Haywyre,Insight,52
ellis,Orbit,51
Ruger,Asiwaju,51
Hollywood Principle,Solar Eclipses,51
ellis,Don't Say Ur Sorry,49
WRLD,Everything,48
Jungeli,Petit génie,48
FWLR,Suspicious,46
Seven Lions,Island (feat. Nevve),46
Haywyre,Let Me Hear That,45
Rob Gasser,Vertigo,44
Duumu,Blinded,43
Tems,Love Me JeJe,42
The Night,Different Story,41
Rogue,Starlight,40
ellis,Falling Through,40
Fireboy DML,Bandana,39
Grant,Castaway,39
Justin OH,Feel Alright,39
Stephen Walking,Hey,39
Duumu,Talk!,39
Grant,High Enough,38
smle,Stranded,38
Sam Bruno,Hello Hater - WRLD Remix,37
Trivecta,Now You Know (feat. Aloma Steele),37
Haywyre,White Lie,37
Rogue,Oceans,37
soupandreas,Tumbling Down,36
Grant,The Edge,36
Throttle,Cities,36
JVKE,lavender (feat. Pink Sweat$),36
Rogue,Mirage,36
Conro,Kick It,36
Fairlane,Enough,36
Haywyre,Chromatically,35
Time To Talk,Found You,35
ellis,promises,35
Zedd,Tangerine Rays (feat. Bea Miller),35
Cinema Kid,Lost Time,35
Sarz,Happiness (feat. Asake & Gunna),34
JJD,Just A Minute More,33
JJD,Somebody Like Me,33
inverness,Good Feeling,33
Summer Was Fun,Love Back On,33
Pheelz,Finesse,33
DESERT STAR,Edge of the World,33
Hoaprox,Saviour,32
Haywyre,Contagious,32
Kovan,Brokenhearted,32
Benson Boone,Slow It Down,32
Anevo,Feel Something,32
Maleek Berry,Lately (feat. Ruger),32
Grant,Move On,32
ellis,Clear My Head,31
Ayra Starr,Commas,31
WRLD,By Design,30
Hollywood Principle,Firework,30
Azertion,Reality (ft. Dayce Williams),29
Insan3lik3,You Make Me Go - Original Mix,29
Duumu,Intentions,29
Aya Nakamura,Copines,29
Time To Talk,Street Lights (Ft. Axollo),29
FWLR,Numb,29
smle,Can't Sleep Alone,28
Athena,Eternal,28
Hoaprox,New World,28
Grant,Color,28
Time To Talk,Time To Talk,28
ellis,After Hours,27
Seven Lions,Light In The Dark,27
Cartoon,Omen,27
Wande Coal,Again,27
JJD,A New Adventure,27
Ogryzek,AURA,27
Jay Cosmic,Ocean Eyes,27
Stephen Walking,Glide,27
Rogue,Barbed Wire,27
Tokyo Machine,Silver Lining,27
Grant,Are We Still Young,26
Conro,Therapy,26
DEXTER KING,Read Your Lips,26
DEXTER KING,Only You,26
Vindata,Good 4 Me,26
smle,Found A Reason,26
Travis Scott,FE!N (feat. Playboi Carti),26
Haywyre,Wisdom,25
Notaker,Each Other,25
Unknown Artist,Unknown Track,25
Anevo,Don't Shoot Me Down,25
Tokyo Machine,Last Summer,25
Conro,luv(drunk),25
Fairlane,Panic Room,25
Gabzy,Jambazz,24
Maazel,Another Way,24
Maazel,Right Now,24
Aya Nakamura,Djadja,24
Arlow,Freefall,24
Lil Nas X,MONTERO (Call Me By Your Name),24
Tom Wilson,Be Myself,24
Kizz Daniel,Cough (Odo),24
Blanke,Heavy Heart,23
Fireboy DML,Sofri,23
Afro B,Drogba (Joanna),23
Rogue,Emeralds,23
Aya Nakamura,42,23
Auvic,Embers Inside,23
Fairlane,Someone Just Like You,23
Omah Lay,soso,23
Olamide,Infinity (feat. Omah Lay),22
Snareskin,Even LA,22
Rogue,Move Me,22
Rogue,Fury,22
CKay,love nwantiti (ah ah ah),22
Trivecta,Riptide,21
CKay,emiliana,21
Savoi,Hideaway,21
Forrest Frank,NEVER GET USED TO THIS,20
Pixel Terror,Millennia,20
Scythermane,NUNCA MUDA? - Super Slowed,20
JKuch,Data Loss,20
Arlow,Frozen In Time (feat. Introspect),20
Rogue,Empires,20
Conro,All Me,20
ellis,Caught in the Rays (Intro),20
Trivecta,Tornado,19
WRLD,Rooms,19
ellis,The Taste,19
DEXTER KING,Get to Know You,19
melvitto,Santorini Coffee,19
JVKE,clouds,19
Dmitri Shostakovich,"24 Preludes, Op. 34: No. 9 in E Major. Presto",19
JJD,Can't Say No,19
JVKE,golden hour,19
JVKE,her,19
Half an Orange,Mark Twain,18
WRLD,Awake,18
Ruger,Ilashe,18
Haywyre,I Am You,18
Grant,Won't Give Up,18
inverness,I Remember,18
Rotimi,Love Somebody,18
Kizz Daniel,Lie,18
Quentyn,Nobody - ellis Remix,18
ellis,Keep Me Awake,18
Glacier,Enough,18
JJD,Lighthouse,18
PNL,Deux frères,18
Duumu,Keep You,18
Haywyre,With Or Without,18
Rogue,Dreams,18
Victony,Soweto,18
Netrum,Circle,18
Glacier,Nurture,17
inverness,Lost My Mind,17
Kovan,Thrill Is Gone,17
DEXTER KING,Unbroken,17
Tom Wilson,Follow,17
The Night,Set Me Free,17
Dmitri Shostakovich,"24 Preludes, Op. 34: No. 24 in D Minor. Allegretto",17
Joya Marleen,Driver,17
Time To Talk,Say The Words,17
Ogryzek,EMPIRE,17
Audien,One More Thing,16
Benson Boone,Beautiful Things,16
Julian Calor,No Fear Anymore,16
Throttle,Bloom,16
Athena,Moment,16
Fairlane,Puzzle,16
Lady Gaga,Die With A Smile,16
NF,The Search,16
Stonebank,Breathe Me Back To Life,16
LVTHER,Friends Again,16
JVKE,this is what falling in love feels like,16
Conro,just wanna luv,16
Stromae,Tous les mêmes,16
DESERT STAR,Foreign Land,16
Innersloth,Hide n Seek Ranch,15
Timaya,Cold Outside,15
Arlow,Leave Us Behind,15
Fairlane,Not My Night,15
SVRRIC,Fall To My Grave,15
Fireboy DML,Vibration,15
Kizz Daniel,Buga (Lo Lo Lo),15
Ruger,Make Way,15
L.A.X,Sempe,15
SABAI,Me + You - Rogue Remix,15
Dmitri Shostakovich,"24 Preludes, Op. 34: No. 15 in D-Flat Major. Allegretto",15
JVKE,this is what heartbreak feels like,15
Soundz,Pressure,15
Netrum,Backstreet Boy,15
Fairlane,Uncover You,15
Babyboy AV,Confession,15
Gilbert Montagné,Les sunlights des tropiques,14
ellis,Moon Funk,14
ellis,Unfold,14
Omah Lay,understand,14
Rogue,Guiding Light,14
Trivecta,Ghost in the Machine,14
WRLD,Hang Up,14
WRLD,Echo,14
Half an Orange,Blink 182,14
Grant,Wishes,14
Conro,Close,14
Soprano,Facile à danser,14
Grant,Better Off Alone,14
Duumu,What Feels Right,14
Nicky Youre,Sunroof,14
LVTHER,This Love,14
1da Banton,No Wahala,14
Stromae,Formidable,14
Scythermane,NUNCA MUDA?,14
GIMS,Sapés comme jamais (feat. Niska) - Pilule bleue,14
Bad Computer,Chasing Clouds,14
Tom Wilson,In Your Eyes,14
Haywyre,Stay With Me,14
Tiwa Savage,Koroba,14
PSY,Gangnam Style (강남스타일),13
Burna Boy,On the Low,13
Snakywine,Classy Kitty,13
Cinema Kid,In My Arms Tonight,13
Ayo Maff,Dealer,13
Fairlane,Replay,13
Haywyre,Do You Don't You,13
Dmitri Shostakovich,"24 Preludes, Op. 34: No. 10 in C-Sharp Minor. Moderato non troppo",13
Fireboy DML,Feel,13
Rogue,Badlands,13
Tyla,Water,13
Tut Tut Child,If I Could,13
Maazel,Crashing Down,13
Arlow,Feel So Lucky,13
Djo,End of Beginning,13
Omah Lay,reason,13
OVSKY,Warmer,13
Hoaprox,Brighter Side,13
Aeden,Would You Be Waiting,13
Summer Was Fun,My Dear,13
Korede Bello,Real Man,13
Seven Lions,Foolish Of Me (feat. Jonathan Mendelsohn),13
Hollywood Principle,Breathing Underwater - Ether Remix,13
Throttle,Dreamer,12
Aeden,I Feel Crazy,12
DROELOE,Sunburn,12
Throttle,Japan,12
Kovan,Miracle,12
Duumu,Wash Away,12
Trivecta,Hear My Call (feat. Tyler Graves),12
melvitto,Stay (feat. Gabzy),12
Hollywood Principle,Firework - Melad Remix,12
Mark Ambor,Belong Together,12
Madeon,Love You Back,12
Tems,Replay,12
JJD,Vertigo,12
LVTHER,Some Kind Of Magic,12
Tails,Skeleton (feat. Nevve),12
melvitto,Trouble,12
Glacier,Still,12
Maazel,The Truth,12
Savoy,Let You Go,12
Tayc,N'y pense plus,12
Kizz Daniel,Shu-Peru,12
Justin OH,U&ME,12
Haywyre,Use My Love,12
JZyNo,Butta My Bread,12
Stromae,humain à l'eau,11
AL3JANDRO,So Good,11
Syn Cole,Time,11
SABAI,Scared,11
Asketa & Natan Chaim,No Crime,11
Kubbi,Up in My Jam (All of a Sudden),11
Half an Orange,Time Travel Kool Aid,11
Richy Mitch & The Coal Miners,Evergreen,11
Nick Smith,Forget About Me,11
Bad Computer,4D,11
Ruger,POE,11
Midas the Jagaban,Party With A Jagaban,11
Seven Lions,Remember,11
Wowkie Da,陽光彩虹小白馬,11
Libianca,People,11
Radiohead,Creep,11
DESERT STAR,Carissa,11
Cartoon,C U Again,11
OVSKY,Stars,11
melvitto,Close To Me (feat. Krisirie & Gabzy),11
soupandreas,Hours,10
Arlow,Happy Now,10
Victony,"Soweto (with Don Toliver, Rema and Tempoe)",10
Fireboy DML,King,10
NEFFEX,Losing My Mind,10
David Guetta,2U (feat. Justin Bieber),10
Conro,Fighters,10
Slushii,LUV U NEED U,10
Starjunk 95,Ocean's End,10
Omah Lay,i'm a mess,10
2NATURAL,Over Again,10
GIMS,SPIDER,10
Cartoon,Howling,10
Stromae,L’enfer,10
Porter Robinson,Shelter,10
kamome sano,internet city - WRLD Remix,10
Summer Was Fun,Watching,10
Alan Walker,"Fire! (feat. YUQI ((G)I-DLE), JVKE)",10
WRLD,Fighter,10
Forrest Frank,GOOD DAY,10
Carbonne,Imagine,10
Afinity,Endless (Best of Me),10
Kizz Daniel,Showa,10
Fairlane,5 Years,10
Kizz Daniel,Oshe (feat. The Cavemen.),10
WRLD,Drift Away,10
Trivecta,Best For You (feat. Selah Ford),10
Adekunle Gold,Party No Dey Stop (with Zinoleesky),10
Ayra Starr,Rush,10
Ogryzek,GLORY,9
Rich Edwards,Where I'll Be Waiting,9
Johann Sebastian Bach,"Das wohltemperierte Klavier, Buch II: Präludium I C-Dur, BWV 870",9
Victor Thompson,THIS YEAR (Blessings),9
WRLD,Drowning,9
Audien,Learn to Love Again,9
Rema,Calm Down,9
David Kushner,Daylight,9
Aya Nakamura,Hypé (feat. Ayra Starr),9
Asake,Lonely At The Top,9
Dyro,Memory Bank,9
Duumu,All for Nothing,9
Time To Talk,Know It All,9
Stromae,Bonne journée,9
Billie Eilish,"What Was I Made For? [From The Motion Picture ""Barbie""]",9
Burna Boy,For My Hand (feat. Ed Sheeran),9
Benson Boone,Cry,9
Ajebo Hustlers,Ave Maria,9
Tollef,Take Our Time,9
Haywyre,Change Your Mind,9
Daft Punk,Around the World,9
Ryan Mack,Overwhelmed (Ryan Mack Remix),9
Tate McRae,exes,9
Tayc,Le temps,9
CKay,love nwantiti (feat. ElGrande Toto) - North African Remix,9
Dmitri Shostakovich,"24 Preludes, Op. 34: No. 11 in B Major. Allegretto",9
Throttle,For Me,9
Ruger,Girlfriend,9
Syn Cole,Wicked,9
Chop Daily,Yanna,9
SABAI,Trust Issues,9
Crazy Frog,Popcorn,9
Cartoon,Howling - Andromedik Remix,9
The Kid LAROI,STAY (with Justin Bieber),9
Dmitri Shostakovich,"24 Preludes, Op. 34: No. 6 in B Minor. Allegretto",9
Abandoned,I Forget,9
Sam Feldt,Mi Amor (with JVKE & Anitta),9
LIONE,Adore,9
LDRR,Mangos - Tiktok Version,9
smle,Halo,9
Oxlade,KU LO SA - A COLORS SHOW,9
Lojay,Monalisa,9
Omah Lay,Holy Ghost,9
Olamide,Trumpet,9
JVKE,this is what slow dancing feels like,8
Gerry Rafferty,Baker Street,8
Disturbed,The Sound of Silence - CYRIL Remix,8
Dmitri Shostakovich,"24 Preludes, Op. 34: No. 3 in G Major. Andante",8
Stonebank,Let You Down,8
Kovan,Dizzy,8
Tam Sir,Coup du marteau,8
Fireboy DML,everyday,8
Afinity,Gravity,8
OBLVYN,Enter REM,8
Primex,LOYALTY,8
Brandyn Burnette,Hands Down,8
Stonebank,Strength Unknown,8
Solee,March of the giants,8
Stephen Sanchez,Until I Found You,8
King Serenity,All for U (Ameyatchi),8
Kid AlpHa,Colours,8
Half an Orange,Left Behind,8
Rootkit,Against The Sun,8
Rome in Silver,Skin,8
Alicia Keys,You Don't Know My Name,8
Tom Wilson,Run For Your Life,8
WALK THE MOON,Shut Up and Dance,8
Henry Moodie,drunk text,8
Aya Nakamura,Doggy,8
Notaker,Into The Light,8
Leonz,Among Us (Trap Remix),8
Larza,All I Know,8
Johann Sebastian Bach,"Das wohltemperierte Klavier, Buch II: Fuge III Cis-Dur, BWV 872",8
Zedd,Tangerine Rays (feat. Bea Miller) - Instrumental,8
Dmitri Shostakovich,"24 Preludes, Op. 34: No. 17 in A-Flat Major. Largo",8
JVKE,this is what winter feels like,8
Cinema Kid,Satellite,7
Lil Nas X,THATS WHAT I WANT,7
Conan Gray,People Watching,7
Camidoh,Sugarcane - Remix,7
Knock2,Rock Ur World,7
Runtown,Things I Know,7
Grant,Wake Up,7
Kizz Daniel,Nesesari,7
Grant,Contagious,7
Rootkit,Voyage,7
Mavins,Overloading (OVERDOSE),7
Chop Daily,Down,7
Stromae,Alors On Danse - DubDogz Remix,7
Stromae,Papaoutai,7
Corneille,Avec classe (feat. Aya Nakamura & Trinix),7
Stromae,Alors on danse - Radio Edit,7
Joeboy,Sip (Alcohol),7
Jay Cosmic,One Way Dream,7
OneRepublic,I Ain't Worried,7
David Guetta,Titanium (feat. Sia),7
Bayanni,Ta Ta Ta,7
WRLD,Back to You,7
Riton,Friday (feat. Mufasa & Hypeman) - Dopamine Re-Edit,7
Ayra Starr,Bloody Samaritan,7
Tyla,Jump,7
Feint,Do Better,7
Rootkit,Oh You,7
Rootkit,Promise Me (ft. Noé),7
Netrum,Colorblind,7
Half an Orange,Arcade,7
Half an Orange,Old Friends,7
Grant,Constellations,7
Kizz Daniel,Boys Are Bad,7
Benson Boone,In The Stars,7
FAVE,Beautifully,7
OVSKY,Time,7
melvitto,Usual,7
Johann Sebastian Bach,"Prelude & Fugue No. 3 in C-Sharp Major, BWV 848: Prelude",7
shams,Somebody to You,7
Young Jonn,Aquafina,7
Direct,I'll Go,7
Alex Warren,Carry You Home,7
Hollywood Principle,Spell (Radio Edit) - Sando Remix,7
Arlow,How Do You Know,7
Arlow,Slip Away,7
Johann Sebastian Bach,"Das wohltemperierte Klavier, Buch II: Präludium VI D-Moll, BWV 875",7
PNL,Onizuka,7
Duumu,Forward,7
Johann Sebastian Bach,"Das wohltemperierte Klavier, Buch II: Präludium III Cis-Dur, BWV 872",7
Dean Lewis,Waves,6
Netrum,Any Closer,6
Doechii,Anxiety,6
Wande Coal,Iskaba,6
OVSKY,Where Do We Go,6
JVKE,this is what space feels like,6
smle,Weightless,6
Anevo,Waiting On Your Call,6
Johann Sebastian Bach,"Das wohltemperierte Klavier, Buch II: Fuge I C-Dur, BWV 870",6
Dmitri Shostakovich,"24 Preludes, Op. 34: No. 21 in B-Flat Major. Allegretto poco moderato",6
Asake,Terminator,6
Odeal,Be Easy,6
Abandoned,Sunlight,6
d4vd,Feel It (From “Invincible”),6
RandJess,À quoi elles rêvent ?,6
OVSKY,Start Again,6
TrackTribe,Starcrasher,6
Timaya,The Mood,6
Tate McRae,greedy,6
Teni,Case,6
Forrest Frank,UP!,6
Stromae,carmen,6
Forrest Frank,ALWAYS,6
Coldplay,A Sky Full of Stars,6
Ruth B.,Dandelions,6
Matisse & Sadko,Into You,6
Fireboy DML,Timoti,6
SZA,Kill Bill,6
Cheque,Body,6
Nathan Evans,Wellerman - Sea Shanty,6
Uglyburger0,Friday Theme,6
Maazel,Sundaze,6
Maazel,Mirrors,6
Cook & Stans,Endless Dancing,6
Syence,hate me like u love me,6
Glacier,Mirari,6
JVKE,Upside Down,6
MYRNE,Afterdark,6
Seven Lions,Not Even Love,6
Itro,Never Let You Down,6
Maazel,Thinking About You,6
Shawn Mendes,Treat You Better,6
SABAI,Me + You,6
Kizz Daniel,Eh God (Barnabas),6
Grant,Distraction,6
Tesher,Jalebi Baby (Tesher x Jason Derulo),6
The Chainsmokers,Something Just Like This,6
Madeon,Be Fine,6
SLANDER,Hurts Sometimes (with Jonathan Mendelsohn),6
EDDIE,Night Runners,6
Dmitri Shostakovich,"24 Preludes, Op. 34: No. 18 in F Minor. Allegretto",6
Emei,Scatterbrain,6
Ogryzek,AURA - Slowed,6
Hollywood Principle,Run Away,6
Harry Styles,Watermelon Sugar,6
Hoaprox,Unbreakable,6
Aya Nakamura,Hypé,6
KSI,Thick Of It (feat. Trippie Redd),6
Just A Gent,Open Spaces,6
Jungeli,T’étais où ?,6
Netrum,Always Be,6
Myles Smith,Stargazing,6
Merlinsyoshi,Glitch Genesis,6
Dadju,I love you,6
Burna Boy,Ye,6
Rogue,Imperfect Views,6
Kizz Daniel,We Wan Comot,5
Glacier,Hang Limb,5
Koven,Looking For More,5
Glacier,Ubi,5
Rosa Linn,SNAP,5
Rotimi,In My Bed,5
Fonzi M,"Parting: Riko in the Aquarium (From ""Jujutsu Kaisen Season 2"")",5
CKay,WAHALA (feat. Olamide),5
Kizz Daniel,Twe Twe,5
Fireboy DML,yawa,5
Mark Ambor,Good To Be,5
Martin Garrix,Hero,5
Tayc,D O D O,5
Fonzi M,"Gurenge (From ""Demon Slayer: Kimetsu no Yaiba"") [Full Version] - Piano Arrangement",5
Sabrina Carpenter,Nonsense,5
Seven Lions,First Time (feat. Dylan Matthew),5
GRAHAM,Call my name,5
Fréro Delavega,Le chant des sirènes,5
Loreen,Tattoo,5
Libianca,People (feat. Ayra Starr & Omah Lay),5
ANGL,Fireburst,5
ALESTI,Flawed Design,5
JVKE,save your breath,5
Lauren Spencer Smith,Flowers,5
benny blanco,Eastside (with Halsey & Khalid),5
vaultboy,"everything, everywhere (feat. eaJ)",5
Zach Bryan,Spotless (feat. The Lumineers),5
Orelsan,La pluie (feat. Stromae),5
1da Banton,African Woman,5
JVKE,moon and back,5
JVKE,SECRETS,5
Skiibii,Sensima,5
Lartiste,Mafiosa (feat. Caroliina),5
MAX,STRINGS (feat. JVKE & Bazzi),5
GRAHAM,See You Later,5
Kungs,This Girl (Kungs Vs. Cookin' On 3 Burners),5
German Folk Regiment,Erika (German Soldier's Song),5
Franz Liszt,"Gnomenreigen, S. 145 No. 2",5
Coi Leray,Players,5
SKIY,Dreaming,5
AdhesiveWombat,8 Bit Adventure,5
Maazel,This Feeling,5
Major Lazer,Lean On (feat. MØ & DJ Snake),5
Sabrina Carpenter,Espresso,5
Chris James,The Race,5
Stephen Sanchez,High,5
Clarx,Done,5
Burna Boy,Last Last,5
Bob Sinclar,Rock This Party (Everybody Dance Now),5
Grant,Starship,5
Ruger,Bae Bae,5
David Guetta,I'm Good (Blue),5
Aya Nakamura,Pookie,5
Victony,Everything,5
Rema,Soundgasm,5
Unicorn Heads,Waking to Reality,5
Avenza,Explorer,5
BNXN,GWAGWALADA,5
Avicii,The Nights,5
Hatik,Angela,5
Harry Styles,As It Was,5
Half an Orange,Time Travel Kool Aid - Volant Remix,5
Henrik,Turn out fine,5
Dhruv,double take,5
Davido,UNAVAILABLE (feat. Musa Keys),5
Rema,Charm,5
Rema,Calm Down (with Selena Gomez),5
Rogue,Motion - 2014,5
Tom Frane,Don't Leave,5
Benson Boone,Ghost Town,5
KeBlack,Aucune attache,5
Blaiz Fayah,Best Gyal,5
KeBlack,LAISSE MOI,5
Kanye West,Homecoming,5
David Guetta,Crazy What Love Can Do,5
Tyler Shaw,Love You Still (abcdefu romantic version),5
Rob Gasser,Ricochet,5
Netrum,Phoenix,5
Benson Boone,ROOM FOR 2,5
Protostar,Galaxies,5
Highlnd,If You Want To Stay,5
Josiah Queen,The Prodigal,5
A-Star,Kupe Dance,5
Noisestorm,Crab Rave,5
Arcade Player,"First Contact (From ""Rhythm Heaven Megamix"")",5
Pink Sweat$,Run Through Fire,5
Dmitri Shostakovich,"24 Preludes, Op. 34: No. 8 in F-Sharp Minor. Allegretto",5
William Black,You're Not Alone,5
Abandoned,Finally Healing,5
Pérotin,Sederunt principes,5
FWLR,Hot,5
demotapes,closerthanthis,5
Dmitri Shostakovich,"24 Preludes, Op. 34: No. 4 in E Minor. Moderato",5
Abandoned,Salvage,5
Wande Coal,Ebelebe (feat. Wizkid),5
William Black,All Falls Down,5
Jason Mraz,I'm Yours,5
Jipo,Ayra Starr Rush Cover - Jipo,5
Ogryzek,EMPIRE - Slowed,5
Asake,Basquiat,5
Asake,Organise,5
Em Beihold,Numb Little Bug,5
Johann Sebastian Bach,"Das wohltemperierte Klavier, Buch II: Fuge VI D-Moll, BWV 875",5
Duumu,Worst Part of Heaven,5
Pheelz,Finesse - feat. French Montana,5
Hollywood Principle,Seeing What's Next,5
OneRepublic,Sunshine,5
Zero Hero,Twilight,5
Abandoned,Bring me back to life,5
Imagine Dragons,Demons,5
JVKE,this is what falling out of love feels like,5
JVKE,anxiety.,4
vaultboy,rocket science,4
Innersloth,Among Us Space Theme (Original Game Soundtrack),4
Imagine Dragons,Nice to Meet You,4
JVKE,wonder if she loves me,4
JVKE,this is what losing someone feels like,4
Ella Henderson,Alibi (feat. Rudimental),4
Oliverse,Unspoken - MUZZ & Oliverse Remix,4
Oliver,Last Forever (feat. Sam Sparro),4
Yetep,1NIGHT,4
Yeah Yeah Yeahs,Maps,4
Johann Sebastian Bach,"Das wohltemperierte Klavier, Buch II: Präludium IV Cis-Moll, BWV 873",4
Alok,Deep Down (feat. Never Dull),4
elijah woods,"24/7, 365",4
cassö,Prada,4
melvitto,The Feels,4
Johann Sebastian Bach,"The Well-Tempered Clavier, Book 1: Prelude & Fugue No. 3 in C-Sharp Major, BWV 848",4
Hugues Aufray,Santiano,4
Ayra Starr,Sability,4
Duumu,Never Had,4
Driks,TT,4
Olamide,New Religion,4
Eric Carmen The Non Binary Sandman,BaBABOOEY 2,4
Ephixa,Matches - Subtact Remix,4
Ephixa,Dreamstate,4
Elton John,Cold Heart - PNAU Remix,4
Dmitri Shostakovich,"24 Preludes, Op. 34: No. 19 in E-Flat Major. Andantino",4
Aviella,Way Back,4
Wande Coal,3 Square Meal,4
Aya Nakamura,Baby,4
Johnny Nash,I Can See Clearly Now - Edit,4
Alan Walker,Faded,4
Haywyre,I Am Me,4
Henry Purcell,"Dido and Aeneas / Act 2: ""Oft she visits...Behold, upon my bending spear""",4
Henrik,Half of forever,4
Henrik,All to myself,4
June Freedom,YSL,4
Victor Ray,Stay For A While,4
Victor Ray,It Only Cost Everything,4
Benson Boone,To Love Someone,4
Porter Robinson,Get Your Wish,4
Pixel Terror,Move 4 Me,4
Dmitri Shostakovich,"24 Preludes, Op. 34: No. 5 in D Major. Allegro vivace",4
Notch,Nuttin Nuh Go So,4
Benson Boone,NIGHTS LIKE THESE,4
Uglyburger0,Friday Theme - Crunchy,4
Kali Uchis,"After The Storm (feat. Tyler, The Creator & Bootsy Collins)",4
KATSEYE,Touch,4
Vicetone,Nevada,4
Vicetone,Astronomia,4
ROSÉ,APT.,4
Dmitri Shostakovich,"24 Preludes, Op. 34: No. 14 in E-Flat Minor. Adagio",4
Dmitri Shostakovich,"24 Preludes, Op. 34: No. 12 in G-Sharp Minor. Allegro non troppo",4
Fairlane,Ocean Avenue,4
Rebecca Black,Friday,4
Tom Frane,Unstable,4
Tom Frane,Never Let This Go,4
Half an Orange,Sit like a Flamingo,4
Keepsake,This Time Around,4
Kaskade,Solid Ground,4
Kaskade,Closer,4
Traditional,"Rex caeli, Domine maris (Musica enchiriadis)",4
Tom Wilson,Darkness,4
Billie Eilish,BIRDS OF A FEATHER,4
The Lorax Singers,"Let It Grow - From ""Dr. Seuss' The Lorax""",4
Naza,Joli bébé,4
David Guetta,I Don't Wanna Wait,4
David Guetta,Don't Leave Me Alone (feat. Anne-Marie),4
Radiohead,No Surprises,4
TitoM,Tshwala Bam (feat. S.N.E),4
Gym Class Heroes,Stereo Hearts (feat. Adam Levine),4
Guillaume de Machaut,Messe de Notre-Dame: VI. Credo,4
Grant,Where Will We Go - Acoustic,4
Kevin MacLeod,Getting It Done,4
CYRIL,Stumblin' In,4
Teddy Swims,The Door,4
Grant,Where Will We Go,4
Grant,Lush,4
Takayoshi,apart of me,4
Tails,Cobra,4
Syd Matters,Obstacles,4
Swif7,Thoughts in My Mind,4
Afinity,Your Imagination,4
Aeden,Ain't Nobody Perfect,4
marc indigo,boy for the weekend,4
Teddy Swims,Some Things I'll Never Know,4
Teddy Swims,Lose Control,4
Tate McRae,you broke me first,4
Deaf Kev,Go Back,4
Fireboy DML,Playboy,4
Fireboy DML,Peru - Remix,4
Michael Marcagi,Scared To Start,4
Dadju,Dieu merci,4
Raven & Kreyn,Dream Forever,4
Koven,About Me,4
Kovan,Skyline Pt. II,4
melvitto,Je M'appelle,4
melvitto,In Fact (feat. Gabzy),4
Chance Peña,i am not who i was,4
DZMA,Disconnected,4
Ryan Mack,Forever and Ever and Always,4
Daft Punk,Superheroes,4
Matt Sassari,Give It To Me - Full Vocal Mix,4
Stephen Walking,Odin's Ghost,4
Chris James,12 Hours,4
Soprano,Le coach (feat. Vincenzo),4
Koven,Settled,4
Stromae,Fils de joie,4
Stromae,C’est que du bonheur,4
Coldplay,feelslikeimfallinginlove - Single Version,4
GRAHAM,Thinking About You,4
Laylow,UNE HISTOIRE ÉTRANGE,4
Lauren Spencer Smith,Fingers Crossed,4
Smaven,Mafana,4
Codeko,On My Mind,4
Clément Janequin,"Reveillez vous, cueurs endormis, ""Le chant des oiseaux"": Le chant des oiseaux",4
SZA,Nobody Gets Me,4
SABAI,Mirror,4
Forrest Frank,NO LONGER BOUND,4
Forrest Frank,NEVER GET USED TO THIS (with JVKE),4
Mackenzy Mackay,Sweet Moment,4
Coldplay,Viva La Vida,4
ellis,chihiro,4
SilentCrafter,Power,4
Seven Lions,Rescue Me,4
Sam Smith,Unholy (feat. Kim Petras),4
Said The Sky,Show & Tell,4
Crash Adams,Somewhere in Vegas,4
Crash Adams,Good Side,4
Craig Isto,Cant Get Enough,4
Franglish,Position,4
smle,2 Me,4
JVKE,ghost town,4
J.Tajor,Like I Do (with sunkis),4
Iyanya,One Side,4
Zach Bryan,Something in the Orange,4
Innersloth,Seek,4
Anonymous,Te Deum - Hymnus (tonus monasticus),4
Anomalie,Velours,4
Andrea Romano,Beethoven (Moonlight Sonata) Full,4
smle,Revival,3
JVKE,this is what forever feels like (with Nick Jonas),3
Zach Bryan,Sun to Me,3
Zara Larsson,Lush Life,3
Jack Shore,Memory Nights,3
Elley Duhé,MIDDLE OF THE NIGHT,3
Ed Sheeran,Shape of You,3
Ed Sheeran,Eyes Closed,3
Pink Sweat$,At My Worst,3
Philippe de Vitry,"Cum statua Nabucodonasor - Hugo, Hugo, princeps invidie - Magister invidie (Motette)",3
Penguin Piano,Drowning Love - Chasing Kou,3
Paul Russell,Say Cheese,3
Ice Prince,Shakara,3
Wejdene,Anissa,3
Alec Benjamin,Let Me Down Slowly,3
Alec Benjamin,Different Kind Of Beautiful,3
Arlow,21,3
ZEG P,FADE UP,3
Yarden,Wetin,3
Wind Walkers,Bodybag,3
Johann Sebastian Bach,"Das wohltemperierte Klavier, Buch II: Präludium VII Es-Dur, BWV 876",3
Shakira,Hips Don't Lie (feat. Wyclef Jean),3
Shaboozey,A Bar Song (Tipsy),3
Connor Price,Million Cash,3
Savoy,How U Like Me Now,3
Seven Lions,Cold Skin - MitiS Remix,3
Scythermane,NUNCA MUDA? - Ultra Slowed,3
Scythermane,NUNCA MUDA? - Slowed,3
Conro,scars,3
Lyn Lapid,poster boy,3
Lyn Lapid,do u really?,3
Ludwig van Beethoven,"Piano Sonata No. 14 in C-Sharp Minor, Op. 27 No. 2 ""Moonlight Sonata"": I. Adagio sostenuto",3
Lucenzo,Vem Dancar Kuduro,3
Lucenzo,Mambella,3
SZA,Snooze,3
smle,Overflow (feat. Helen Tess),3
sma$her,EGGSTREME DUCK PHONK,3
SPINALL,One Call,3
Maleek Berry,Kontrol,3
Majestic,Rasputin,3
Foster The People,Pumped Up Kicks,3
Forrest Frank,Hey DJ,3
Madeon,All My Friends,3
Creeds,Push Up - Main Edit,3
Rotimi,Love Riddim,3
GIMS,SOIS PAS TIMIDE,3
GIMS,LOCO,3
Lost Sky,Darkness,3
Lost Frequencies,Where Are You Now,3
Linkin Park,Numb,3
Lewis Capaldi,Forget Me,3
Simon & Garfunkel,The Sound of Silence - Acoustic Version,3
Shy'm,Je sais,3
George Frideric Handel,"Messiah, HWV 56, Pt. 2: No. 44, Chorus. Hallelujah, for the Lord God Omnipotent Reigneth",3
George Ezra,Budapest,3
Stonebank,The Pressure,3
Gazo,DIE,3
GRAHAM,Dollar,3
Lewis Capaldi,Bruises,3
Lauren Spencer Smith,That Part,3
Larza,Mirrored Portals,3
Soar,Slow Motion,3
Snareskin,Wonder,3
Coldplay,Hymn for the Weekend,3
Clean Bandit,Symphony (feat. Zara Larsson),3
Coldplay,Yellow,3
DROELOE,Homebound,3
DJ Shahzad,Bring the Light - Extended,3
SPINALL,Sere (Remix),3
SABAI,Me + You - 32Stitches Remix,3
DROELOE,Step By Step,3
SABAI,Falling For You,3
SABAI,Broken Glass,3
Rvssian,Santa,3
Fools Garden,Lemon Tree,3
Mao Ze Dong,Red Sun in the Sky,3
Maleek Berry,Secrets,3
Sabrina Carpenter,Feather,3
Darkoo,Favourite Girl,3
Claude Goudimel,Psaume 128: Bienheureux est quiconque,3
Starjunk 95,Dreamfields,3
Spice,Go Down Deh (feat. Sean Paul & Shaggy),3
Soundz,Fever,3
Soprano,Roule,3
LSPLASH,Elevator Jam - Remix,3
Meet Me @ The Altar,Take Me Away (Freaky Friday Cover),3
Dadju,Django,3
Rotimi,Sip Slow,3
Cheque,Sunflawa,3
Cheque,Holy Gee,3
Charlie Puth,We Don't Talk Anymore (feat. Selena Gomez),3
Koven,My Love,3
Stromae,ave cesaria,3
Stromae,Up Saw Liz,3
Stromae,Te Quiero,3
Stromae,Ta fête,3
Stromae,Santé,3
Stromae,Mon amour (with Camila Cabello),3
Claudio Monteverdi,"L'Orfeo, Ato primo: II. Lasciate i monti",3
Rootkit,Promise Me - Melano Remix,3
SABAI,Million Days,3
The Millennial Club,girls that ain't u,3
The Millennial Club,feel the same,3
Stromae,La solassitude,3
Carly Rae Jepsen,Call Me Maybe,3
k?d,PROTECT ME,3
Teddy Swims,Hammer to the Heart,3
Tate McRae,run for the hills,3
Caleb Hearn,Little Bit Better,3
Steve Lacy,Static,3
Daydreamer,Pages,3
NAZAKEBLACK,"1,2,3 Soleil",3
NAOMI,SPACE! - Super Slowed,3
Fireboy DML,Lifestyle,3
More Plastic,Midnight Train,3
Mike Posner,I'm Not Dead Yet,3
Midranger,Unrequited,3
Bruno Mars,Silk Sonic Intro,3
Bracket,Mama Africa,3
Gunna,on one tonight,3
Kevin Lyttle,Turn Me On,3
Benson Boone,Before You,3
Tom Odell,Another Love,3
Bruno Mars,That's What I Like,3
The Chainsmokers,Who Do You Love,3
The Chainsmokers,Closer,3
The Beatles,Here Comes The Sun - Remastered 2009,3
CINTHIE,Mellifluous,3
CG5,Show Yourself,3
CG5,Lyin' 2 Me,3
Busy Signal,Perfect Spot,3
Teejay,Drift,3
Kizz Daniel,Pour Me Water,3
Devin Kennedy,Poetry,3
Devin Kennedy,Forget About You (with Pink Sweat$),3
Devin Kennedy,Fine Wine,3
Rangga Jones,Chemistry,3
Davido,Funds (feat. ODUMODUBLVCK & Chike),3
Deaf Kev,Safe & Sound,3
Rod Stewart,I Don't Want to Talk About It,3
Netrum,Shivers,3
Netrum,Desert Island,3
Feint,Outbreak,3
Naima,On the Run,3
Dasha,Austin (Boots Stop Workin'),3
Burna Boy,It's Plenty,3
Burna Boy,City Boys,3
Bryan Adams,Heaven,3
Blaiz Fayah,Bad,3
Pérotin,Viderunt omnes,3
Protostar,Galaxies - Rogue Remix,3
Dmitri Shostakovich,"24 Preludes, Op. 34: No. 13 in F-Sharp Major. Moderato",3
Notaker,Shimmer,3
Noah Kahan,Stick Season,3
Noah Kahan,Hurt Somebody,3
Fairlane,First Time,3
Rema,Dumebi,3
Raven & Kreyn,Dum Dum,3
Dmitri Shostakovich,"24 Preludes, Op. 34: No. 16 in B-Flat Minor. Andantino",3
Tom Frane,Tiny Fractures,3
Tom Frane,Stray Nights,3
Kanye West,Amazing,3
Trinix Remix,Hits 2021,3
Tommy Richman,MILLION DOLLAR BABY,3
Tom Wilson,One More Night,3
Ofenbach,Overdrive (feat. Norma Jean Martine),3
OVSKY,Way To You,3
FLOTE,Mine To Lose,3
OVSKY,Other Side,3
Paperboy Fabe,Hundred Million Reasons,3
Benson Boone,Sugar Sweet,3
BOLEMVN,On y va,3
Bayanni,For Where?,3
Kalash,Tombolo,3
Justin Wellington,Iko Iko (My Bestie),3
Vance Joy,Riptide,3
VOILÀ,Figure You Out,3
Unknown Brain,Perfect 10,3
Uglyburger0,Night Theme,3
Tom Frane,You,3
REAPER,IMY (feat. Bella Renee),3
Uglyburger0,Monday Theme,3
Bad Computer,Silhouette,3
Bad Computer,Fly,3
Haywyre,Crystal Clear,3
Heuse,I'll Be Here,3
Heuse,Don't Hold Me Down (Feat. TARYN),3
Justin Bieber,Ghost,3
Vicetone,Outta My Mind,3
BEAUZ,Illusion,3
Domenico Scarlatti,"Scarlatti, D: Keyboard Sonata in A Minor, Kk. 175",3
Pink Sweat$,I Feel Good,3
Pink Sweat$,Honesty,3
Pink Sweat$,Guitar,3
Dmitri Shostakovich,"24 Preludes, Op. 34: No. 1 in C Major. Moderato",3
Pixel Terror,Dilemma,3
Dmitri Shostakovich,"24 Preludes, Op. 34: No. 7 in A Major. Andante",3
Ephixa,Skyforth,3
Eminem,Houdini,3
Dmitri Shostakovich,"24 Preludes, Op. 34: No. 23 in F Major. Moderato",3
Dmitri Shostakovich,"24 Preludes, Op. 34: No. 20 in C Minor. Allegretto furioso",3
Dmitri Shostakovich,"24 Preludes, Op. 34: No. 2 in A Minor. Allegretto",3
Orbiter,We Do,3
Axollo,Versailles,3
Aya Nakamura,Jolie nana,3
Aya Nakamura,Dégaine (feat. Damso),3
Aya Nakamura,Doudou,3
Auvic,Indignation,3
Auvic,High Affinity (feat. Pipo Fernandez),3
Josiah Queen,My Promised Land,3
Jonth,Heartless,3
Aiobahn,About U,3
Afro B,Joanna (Drogba) - Remix,3
Johann Sebastian Bach,"Das wohltemperierte Klavier, Buch II: Präludium II C-Moll, BWV 871",3
Johann Sebastian Bach,Bach: Prelude No.3 in C# Major (Wtc Book 1),3
Jogga,SKEU SKEU (feat. wilsko & 7ia),3
Joel Corry,OUT OUT (feat. Charli XCX & Saweetie),3
American Authors,Best Day Of My Life,3
Adam de la Halle,Le jeu de Robin et de Marion (The Play of Robin and Marion): Scene 1: Marion is happily minding her own business…Robins m'aime (Marion),3
Adam de la Halle,Le jeu de Robin et de Marion (The Play of Robin and Marion): Motet: Mout me fu grief li departir / Robin m'aime / Portare,3
sapientdream,Past Lives,3
sammy rash,smile more,3
William Black,Take Me,3
William Black,Stay - Afinity Remix,3
William Black,Broken,3
Asake,Dull,3
Arno,Putain putain - Remix,3
PNL,J’comprends pas,3
Olamide,Green Light,3
Jackson Guthy,Giants - Fairlane Remix,3
Zach Bryan,I Remember Everything (feat. Kacey Musgraves),3
Zach Bryan,Hey Driver (feat. The War and Treaty),3
Zach Bryan,Heading South,3
ZUHAIR,Heaven Interlude,3
vaultboy,everything hits me at once,3
Innersloth,Maiden Voyage (Original Game Soundtrack),3
Imagine Dragons,Radioactive,3
JVKE,this is what sadness feels like - shortened,3
Édith Piaf,Hymne à l'amour,3
Werenoi,Chemin d'or,3
Duumu,You Used To,3
Duumu,Take Me Away,3
Omah Lay,Moving,3
Omah Lay,Godly,3
Omah Lay,Bad Influence,3
ALLY,Make It Hot (feat. Pink Sweat$),3
J.Tajor,Like I Do,3
Itro,Flavour,3
JVKE,this is what autumn feels like,3
A-GON,Recollection,3
P-Square,Personally,3
Oussama,Nsiti,3
Orlande de Lassus,Matona mia cara,3
Original Koffee,Pull Up,3
Ice Prince,KOLO (feat. Oxlade),3
ILLENIUM,Where'd U Go,3
James Clarke,Relaxed Scene,3
Jahyanai,Who Mad Again,3
Jahyanai,Dweet So,3
Jagsy,Don't You Know,3
Jagsy,All My Love,3
Abandoned,Luna,2
Abandoned,Out of the Grave,2
Adekunle Gold,One Woman,2
vaultboy,closer (feat. salem ilese),2
vaultboy,where tf have you been?,2
vaultboy,you're my moon,2
$werve,TOMA TOMA TOMA,2
JKuch,Slow Dancing in the Dark,2
k?d,Electronic Memories (feat. Mickey Kojak),2
k?d,IF THIS IS A DREAM,2
Afinity,Getaway,2
Afinity,Magnets,2
firstclasslikealways,The Minecraft Villager,2
adore,did i tell u that i miss u,2
d4vd,Here With Me,2
d4vd,Leave Her,2
demotapes,anywhere but here,2
Alexander 23,How Much Longer?,2
JVKE,catch me,2
JVKE,golden hour - Fujii Kaze Remix,2
JVKE,i can't help it,2
JVKE,i'm not okay,2
JVKE,next to you,2
Isabelle Boulay,Parle-moi,2
Itro,All For You,2
J Balvin,In Da Getto,2
Zedd,Tangerine Rays (feat. Bea Miller) - Acapella,2
Anonymous,Victimae paschali laudes - Sequentia Tempore Paschali,2
Antonio Vivaldi,Spring (La Primavera) Op.8 No.1 E Major: Allegro,2
Yarden,Busy Body,2
Aqua,Barbie Girl,2
Zach Bryan,"Burn, Burn, Burn",2
Asake,Peace Be Unto You (PBUY),2
Wiz Khalifa,See You Again (feat. Charlie Puth),2
Wizkid,Bad Girl (feat. Asake),2
Wizkid,Bend,2
Wizkid,Joro,2
X-Man,Pineco,2
XXXTENTACION,Revenge,2
Yanns,Clic clic pan pan,2
JVKE,this is what sadness feels like,2
Imagine Dragons,Eyes Closed (feat. J Balvin),2
Imagine Dragons,Take Me to the Beach (feat. Ado),2
Imanbek,Belly Dancer,2
Innersloth,The Airship (Original Game Soundtrack),2
Artemas,i like the way you kiss me,2
Asake,Joha,2
Ashe,Moral of the Story,2
Athena,Moment - Worlds Version,2
Auvic,Won't Even Matter,2
Wande Coal,Dues,2
Jain,Makeba - Ian Asher Remix,2
James Arthur,Say You Won't Let Go,2
Vitaa,Avant toi,2
WHIPPED CREAM,Light of Mine,2
Axel Oliver,Survive,2
Axollo,Searching,2
Axollo,See It Through,2
Victony,Kolomental,2
Victony,My Darling,2
Vindata,6 ft.,2
Aya Nakamura,Comportement,2
Aya Nakamura,Soirée parisienne (feat. Jizo Djohn.P),2
Vindata,Union,2
Ayra Starr,Last Heartbreak Song (feat. Giveon),2
BABYMETAL,RATATATA,2
BENNETT,Vois sur ton chemin - Techno Mix,2
Vicetone,Nothing But Love For You,2
Victony,Jolene,2
ILLENIUM,All That Really Matters,2
Icehunt,Hover,2
Uglyburger0,Tuesday Theme,2
Unknown Brain,Last Thing,2
Tyler Miller,Oblivion (Interlude),2
Bad Computer,Destroy Me,2
Bad Computer,So Lost,2
Bad Computer,Somewhere New,2
Trivecta,Leave It All Behind (feat. Fagin),2
Trivecta,Never Let Me Go,2
Trivecta,Watch The Stars,2
Tyga,Taste (feat. Offset),2
Imagine Dragons,Bones,2
Jazzos,Thick Of It 1950s,2
Johann Sebastian Bach,"Das wohltemperierte Klavier, Buch II: Fuge II C-Moll, BWV 871",2
Johann Sebastian Bach,"Das wohltemperierte Klavier, Buch II: Fuge IV Cis-Moll, BWV 873",2
Johann Sebastian Bach,"Das wohltemperierte Klavier, Buch II: Fuge V D-Dur, BWV 874",2
Johann Sebastian Bach,"Das wohltemperierte Klavier, Buch II: Fuge VII Es-Dur, BWV 876",2
Bazzi,Paradise,2
Tom Wilson,Until I Die,2
Tom Wilson,Zero Gravity,2
Tony Romera,My Mind,2
Toofan,Teré teré,2
Train,"Hey, Soul Sister",2
TrashAssMusic,N****R,2
Trauzers,Vessel,2
Travis Scott,Goosebumps - Remix,2
Tokyo Machine,ROCK IT,2
Tokyo Machine,THE BOYS (Theme Song),2
Tom Frane,Don't Leave - Sped Up,2
Tom Frane,Hold Me Down,2
Tom Frane,Never Let This Go - Sped Up,2
Billie Eilish,LUNCH,2
Johann Sebastian Bach,"Das wohltemperierte Klavier, Buch II: Fuge XI F-Dur, BWV 880",2
Johann Sebastian Bach,"Das wohltemperierte Klavier, Buch II: Präludium V D-Dur, BWV 874",2
Tinlicker,Because You Move Me,2
Tokyo Machine,Last Summer - AirJordy Remix,2
Time To Talk,Bittersweet,2
The Millennial Club,summer nights,2
Therapie TAXI,Salop(e),2
Throttle,For Me - VIP,2
Throttle,Hit the Road Jack,2
The Chainsmokers,The One,2
The Depreciation Guild,Dream About Me,2
Burna Boy,Collateral Damage,2
Burna Boy,Gbona,2
Burna Boy,"Tested, Approved & Trusted",2
The Lumineers,Ophelia,2
Hollywood Principle,Seeing What's Next - Kev Frey Remix,2
Hollywood Principle,Solar Eclipses (Radio Edit),2
Hozier,Too Sweet,2
Hulk Van JMF,Posa Na Bina,2
Tems,Damages,2
CG5,Good to Be Alive,2
CG5,Listen To The Music,2
CHINCHILLA,Little Girl Gone,2
Taron Egerton,A Sky Full of Stars,2
Tekno,Enjoy,2
CKay,love nwantiti (ah ah ah) [feat. Joeboy & Kuami Eugene] [Remix],2
Calema,Te Amo,2
Johann Sebastian Bach,Toccata and Fugue in D minor,2
Johann Sebastian Bach,"Weinen, Klagen, Sorgen, Zagen, BWV 12: Weinen, Klagen (Chorus)",2
Johannes Ockeghem,Missa L'homme arme: Kyrie (Missa L' homme arme),2
Joy Meyer-Williams,Autumn Night,2
Syn Cole,Gizmo,2
Syn Cole,Melodia,2
TINNA,Blind Spot,2
TOKYOPHILE,Montagem Sonic Ritmado 1.0 (Super Slowed),2
Carole Fredericks,A nos actes manqués,2
Swif7,Friends with the Rain,2
Swif7,The Memory of You,2
Syence,talking way too much,2
Subway Surfers,SAINT PETERSBURG,2
Camidoh,Sugarcane,2
Carluccio,Fiume,2
Stromae,Peace Or Violence,2
Stromae,Rail De Musique,2
Chaka Demus & Pliers,Murder She Wrote,2
Charlie Puth,How Long,2
Charlie Puth,Light Switch,2
Stromae,Repetto X Mosaert,2
Stromae,Riez,2
Juelz,Distancing,2
Stonebank,Placebo,2
Stromae,Bienvenue Chez Moi,2
Stromae,Défiler - Bande originale de la capsule No. 5 Mosaert,2
Stromae,Enfants De L'an 2000,2
Stromae,Je Cours,2
Stromae,Ma Meilleure Ennemie (from the series Arcane League of Legends),2
Stromae,Mauvaise journée,2
Stromae,Meltdown,2
Stromae,Pas vraiment,2
Just A Gent,Time Voyage,2
Heuse,Daylight,2
Charly Black,Gyal You a Party Animal,2
Charly Black,Party Animal,2
Chiyan Wong,"Goldberg Variations (‘Air with Thirty Variations’), BWV 988: XI. Andante con grazia [ossia]",2
Chop Daily,Water,2
Chris James,Oracle,2
Chris James,Sugar,2
Cian Ducrot,I'll Be Waiting,2
Snareskin,Mad For You,2
Soprano,Cosmo,2
Soprano,Hiro (feat. Indila),2
Clean Bandit,Rockabye (feat. Sean Paul & Anne-Marie),2
Conro,City Lights,2
Seven Lions,Strangers,2
Shawn Mendes,Summer of Love (Shawn Mendes & Tainy),2
Shawn Mendes,Wonder,2
Sheet Music Boss,Rush E,2
KAROL G,Tusa,2
Kalash,Laptop,2
Coldplay,The Scientist,2
Sarz,TROBUL,2
Schumann,"Fantasiestücke, Op. 111 No. 2",2
Scythermane,NUNCA MUDA? - Edit Slowed,2
DROELOE,In Time,2
Sadie Jean,Locksmith,2
Sainte Vie,High Seas,2
Sarkodie,Adonai (Remix) [feat. Castro],2
SVDKO,Someone Better,2
SXID,Funk of Galáctico,2
SYML,Where's My Love,2
SABAI,I Need Ya,2
SABAI,Love For You,2
SABAI,Me + You - With Løve Remix,2
SABAI,Memories,2
SDM,Bolide allemand,2
SLANDER,Heaven Feels Like,2
SLANDER,When I'm With You (feat. neverwaves),2
Kaskade,Flip Reset,2
KeBlack,Boucan (feat. Franglish),2
HYBS,Ride,2
S1mba,Rover (feat. DTG),2
DROELOE,Only Be Me,2
DYGO,FUNK INFERNAL,2
Runtown,Kini Issue,2
Daddy Yankee,Gasolina,2
Dadju,Reine,2
Ruth B.,28 (with Dean Lewis),2
Half an Orange,Drunk Tattoo,2
Half an Orange,Playing with the Boys,2
Half an Orange,Sunscreen,2
Kenya Grace,Strangers,2
KiDi,Mon Bebe,2
"Grover Washington, Jr.",Just the Two of Us,2
David Guetta,Memories (feat. Kid Cudi),2
Rootkit,Sparks (ft. Casey Cook),2
Ross-Emanuel Steven Bayeto,"Safety 2020 (feat. Chris Brown, Afro B & DJ Snake)",2
Rossy,Ikalasoa,2
Rotimi,Make You Say,2
Rudimental,"These Days (feat. Jess Glynne, Macklemore & Dan Caplen)",2
Ruger,Dior,2
Ruger,Romeo Must Die (RMD),2
Rootkit,Only Knew,2
Dave,Meridian,2
David Guetta,Beautiful People,2
David Guetta,I Don't Wanna Wait - Acoustic,2
Guillaume de Machaut,Messe de Nostre Dame: Kyrie,2
Grant,Fix It,2
Kizz Daniel,My G,2
Knock2,dashstar* - VIP,2
Glacier,Satori,2
Devin Kennedy,Eventually,2
Devin Kennedy,Falling for You,2
Rod Stewart,I Don't Want to Talk About It - 2008 Remaster,2
Rogers & Dean,Jungle,2
Rogue,Classic Material,2
David Guetta,Titanium (feat. Sia) - David Guetta & MORTEN Future Rave Remix,2
David Win,USE YOUR LOVE.,2
Davido,Fall,2
Davido,KANTE (feat. Fave),2
Glass Animals,Heat Waves,2
Kygo,Without You (with HAYLA),2
Robotaki,Dreamcatcher - Night Mix,2
Dean Lewis,Be Alright,2
Dean Lewis,How Do I Say Goodbye,2
DeeWunn,Mek It Bunx Up (feat. Marcy Chin),2
Definition,Trojan Love - Original Club Mix,2
Demarco,I Love My Life,2
Deon Custom,Angelic Garden - Original Mix,2
Dermot Kennedy,Power Over Me,2
Devin Kennedy,California Rain (Intimate),2
Rhodz,Boogie Pls,2
Richard Caddock,See You,2
Rick Astley,Never Gonna Give You Up,2
Rihanna,Needed Me,2
Ramz,Barking,2
RandJess,Chez toi,2
Devin Kennedy,Forget About You,2
Devin Kennedy,Forget About You (Intimate),2
LAY,Run Back To You,2
LDRR,Mangos - Slowed,2
LOSTWIND,Fractions,2
Gem & Tauri,Crash Into Me (feat. Tyler Graves),2
Gilbert Montagné,On va s'aimer,2
Protostar,Feel Your Heart,2
RC AVENUE,COFFEE SHOP,2
REAPER,COLD CASE,2
Rad Cat,How Could I,2
Dmitri Shostakovich,"24 Preludes, Op. 34: No. 22 in G Minor. Adagio",2
Pixel Terror,Chroma,2
Pixel Terror,Enigma,2
Distrion,Alibi,2
Glacier,Dancing By Myself,2
LSPLASH,Elevator Jam,2
LUM!X,Monster,2
LVTHER,One Look,2
Lake Isabel,Saving Daylight (Revisited),2
Lartiste,Catchu Catchu,2
Pink Sweat$,At My Worst (feat. Kehlani),2
Pink Sweat$,Coke & Henny Pt. 2,2
Pink Sweat$,Moments,2
Dolphin Smiling,"Show Yourself (From ""Among Us"")",2
Dominique Charpentier,Lilie,2
Patrick Hizon,Sweatshirt - with Gabe Bondoc,2
Paul Russell,Lil Boo Thang,2
Pegboard Nerds,Disconnected,2
Phileas Galle,In Reform,2
Pink Sweat$,17,2
Lartiste,Chocolat (feat. Awa Imani),2
LeGrand,Give a Little,2
Leah Culver,Call My Name,2
Leat'eq,Tokyo,2
PLK,Il pleut à Paris,2
Duncan Laurence,Arcade,2
Duumu,Breathe Again,2
Duumu,Close to You,2
Duumu,Feather,2
Paris Blohm,Warriors,2
Onevilage,Lonely,2
P-Square,Shekini,2
Omah Lay,Lo Lo,2
OneRepublic,Run,2
Duumu,Recovery,2
Olamide,Want,2
Ed Sheeran,Galway Girl,2
Ed Sheeran,Happier,2
Ed Sheeran,Shivers,2
Lena,Satellite,2
Lewis Capaldi,Before You Go,2
Gabry Ponte,Thunder,2
Gabzy,Don't Play With Me,2
Lewis Capaldi,Hold Me While You Wait,2
Odeal,Coffee (Don't Read Signs),2
Ogryzek,AURA 2,2
Eternxlkz,SLAY!,2
OVSKY,Not Afraid,2
FLOTE,Darkest Days (feat. Sandra Yvette),2
FOLA,mandela (effect) (feat. Magixx),2
FWLR,Anyway,2
FWLR,Bust It Out,2
OVSKY,Without You,2
Lewis Capaldi,Someone You Loved,2
Lewis Capaldi,Wish You The Best,2
Lil Dicky,Earth,2
Lipless,Wishing Well,2
Lojay,MOTO,2
Lojay,Tonongo,2
Lorenzo,Nique la BAC,2
Noah Cyrus,July,2
Nora En Pure,Life on Hold,2
Notaker,Too Smooth,2
Nuit Incolore,Dépassé,2
OBOY,TDB,2
Nicki Minaj,Barbie World (with Aqua) [From Barbie The Album],2
Fairlane,Heartbeats,2
Fairlane,"Sugar, We're Goin Down",2
Lost Frequencies,Black Friday (pretty like the sun),2
GAYLE,abcdefu,2
GIANT,AH TXE TXE,2
Lost Sky,Need You,2
Nelsvn,History,2
Fairlane,nature,2
Far Out,New Beginning,2
Far Out,On My Own,2
Far Out,Strangers,2
Far Out,Tidal Wave,2
Favé,FLASHBACK,2
NF,The Search - Edit,2
Naps,La kiffance,2
Natasha Bedingfield,Unwritten,2
NateWantsToBattle,Monster Inside,2
NateWantsToBattle,Show Yourself,2
Nathan Dawe,21 Reasons (feat. Ella Henderson),2
Naza,Loin de moi,2
Lost Sky,Vision,2
Loïc Nottet,Mr/Mme,2
Lyn Lapid,Cruise Control,2
Morii,Atlantis,2
Muni Long,Made For Me,2
Myles Smith,Solo,2
NCTS,NEXT!,2
NF,Let You Down,2
Miley Cyrus,Flowers,2
Misutra,Roblox OOF Song,2
Fireboy DML,All Of Us (Ashawo),2
Fireboy DML,High on Life,2
Fireboy DML,Peru - R3HAB Remix,2
McQueen,Suck My Balls,2
Mentissa,Mamma Mia,2
Michael Marcagi,The Other Side,2
Midas the Jagaban,Come We Bill Ehh,2
Léonin,Viderunt omnes... (2-part organum),2
MC L da Vinte,Parado no Bailão,2
MIKOLAS,Delilah,2
Mazare,Nova,2
Mazare,That's On You,2
Fly Project,Toca Toca,2
Marwa Loud,Fallait Pas,2
Maryn,Shake You Off,2
Master KG,Jerusalema (feat. Nomcebo Zikode),2
Matt Hansen,GRAVITY,2
Magic System,1er Gaou,2
Major Lazer,Light It Up (feat. Nyla & Fuse ODG) [Remix],2
Major Lazer,Que Calor,2
Makassy,Doucement,2
Marnik,Boyz In Paris (with VINAI),2
Maroon 5,Maps,2
Francis Cabrel,Je l'aime à mourir - Remastered,2
French Montana,Unforgettable,2
Machel Montano,Fast Wine,2
Madeon,No Fear No More (Remix),2
Mae Stephens,If We Ever Broke Up,2
Forrest Frank,BEAUTIFUL AS EVER,2
AL3JANDRO,We Own the Night,2
AZURE,Sweet crush,2
skyemane,Anxiety x Somebody That I Used To Know,2
smle,Into Something,2
smle,It'll Be Okay,2
Édith Piaf,La foule,2
1da Banton,Ego,2
3rd Prototype,After The Storm,2
3rd Prototype,Blue,2
3rd Prototype,I Know,2
5 Seconds of Summer,Youngblood,2
A$AP Rocky,Hun43rd,2
soupandreas,Sprite,2
melvitto,Gentility,1
trxndsetter,Wait they don't love you,1
sxxnt.,Another In the Fire,1
succducc,azure,1
A Touch Of Class,Around the World (La La La La La) - Radio Version,1
A Boogie Wit da Hoodie,Jungle,1
6ix9ine,FEFE (feat. Nicki Minaj & Murda Beatz),1
2KE,X-SLIDE - Ultra Slowed,1
21 Savage,Slidin,1
will.i.am,I Like To Move It,1
JJD,Adventure,1
JJD,Connect,1
JJD,Free,1
JJD,Retrospective,1
JKuch,Chimera,1
JPB,Feels Right,1
JVKE,Brand New Day,1
joyful,chess,1
just valery,Your Love Is My Drug (8 Bit Slowed),1
k?d,Endless In Between,1
k?d,FLOW IN YOU,1
kirkiimad,ily,1
Adekunle Gold,Something Different,1
Adekunle Gold,Soro,1
Adriatique,Home,1
Fransis Derelle,Shapes,1
Frenna,MORE PRETTY GIRLS,1
Frerick Den Haan,Hymn for Archimedes,1
Frerick Den Haan,Normandy,1
Friendzone,Glow In The Dark,1
Frédéric Chopin,"Nocturne No. 1 in B flat minor, Op. 9 No. 1",1
Frédéric Chopin,"Nocturne No. 1 in B-Flat Minor, Op. 9 No. 1",1
Frédéric Chopin,Nocturne Op. 9 No. 2,1
Frédéric Chopin,"Nocturne in E-Flat Major, Op. 9, No.2",1
Mac DeMarco,Chamber Of Reflection,1
Mack H.D,SHE BE,1
Mack H.D,Stallin',1
Mackenzy Mackay,The One That You Call,1
Macklemore,Can't Hold Us (feat. Ray Dalton),1
Macklemore,Glorious (feat. Skylar Grey),1
Madeon,Gonna Be Good,1
Matt Houston,Positif,1
Mattilo,SET ME FREE,1
Francesco Misseri,Mio Mao la la la la la,1
Francine Gaétane,Enchanted,1
Magentium,Among Us Theme,1
Magixx,Love Don't Cost A Dime (Re-Up),1
Mahaleo,Ianao - Live,1
Major Lazer,C'est Cuit,1
Maleek Berry,Been Calling,1
Mariah Carey,All I Want for Christmas Is You,1
Mariah Carey,Fantasy,1
Marino,All In,1
Maazel,Memories,1
Francis Flo,Another Day,1
Franco Robert,Into the Subconscious,1
Franglish,Trop parler,1
Fireboy DML,ready,1
Fly By Midnight,In The Night,1
Fonzi M,Giorno's Theme: Il Vento D'oro (JoJo's Bizarre Adventure: Golden Wind),1
Fonzi M,"Hikaru Nara (From ""Your Lie in April"") [Opening] - Piano Arrangement",1
Fonzi M,"Kamado Tanjiro no Uta (From ""Demon Slayer: Kimetsu no Yaiba"") [Piano Solo]",1
Mazare,Tidal Wave,1
Maroon 5,Payphone,1
Marshmello,Numb,1
Marshmello,Silence,1
Martin Arteta,Past Lives,1
Martin Garrix,In the Name of Love,1
Marwa Loud,Bad boy,1
Marwa Loud,Oh la folle,1
Mary J. Blige,Family Affair,1
Massimo Pavoni,momente,1
Mative,Amber Skies,1
MAX,BUTTERFLIES,1
MAX,IT'S YOU (feat. keshi),1
MEDZ,Don't Tell Me,1
MEDZ,Follow You,1
MEMBA,Stand Off,1
MHD,Afro Trap Pt. 7 (La puissance),1
MKTO,Classic,1
MUZZ,...Ready For It?,1
MXZI,MONTAGEM TOMADA - Slowed,1
Maureen,Tic,1
Mauvais Roger,Peace Frame,1
Mazare,Nothing More,1
Mazare,The Losers Club,1
Fireboy DML,Tattoo,1
Fireboy DML,Wait and See,1
Fireboy DML,What If I Say,1
Mc Livinho,Hoje Eu Vou Parar Na Gaiola,1
Meet Me @ The Altar,Say It (To My Face),1
Melano,Traveller,1
Melosense,Moments,1
Michael Bolton,When a Man Loves a Woman,1
Michael Giacchino,Bundle of Joy,1
Michael Giacchino,Team Building,1
Michael Jackson,They Don't Care About Us,1
Michael Jackson,Thriller,1
Midranger,Waves,1
Mike Perry,The Ocean (feat. Shy Martin),1
Miles Davis,Tomaas,1
Lyn Lapid,july,1
Lynx XII,Augury,1
Léonin,Viderunt omnes No. 1: ...Dominus...,1
MADZI,A&B,1
NAV,Run It Up (feat. Pop Smoke),1
NERO,Promises,1
NERO,The Thrill - Porter Robinson Remix,1
NF,CAREFUL,1
NF,LET EM PRAY,1
Mimber,Oscillation,1
Miravaldini,Abrazo Sereno,1
Miriam Raye,River Running Free,1
Mo Falk,Home,1
Modjo,Lady - Hear Me Tonight,1
Monstercat,Best of 2014 Album Mix (Part 1),1
Fells,Never See Me Again,1
Fido,Awolowo,1
Fireboy DML,Airplane Mode,1
Fireboy DML,Coming Back For You,1
More Plastic,One Taste,1
Lucas van Kesteren,Luminous,1
Lucenzo,Baila Pa Mi,1
Luciano,Another Vibe (feat. Omah Lay),1
Ludovico Einaudi,Experience,1
Luisa Marion,The Kite,1
Luiza Schmidt,A tale to tell,1
Lukas Graham,7 Years,1
Lulu Helensworth,Anchor,1
Luwop,Danny Devito,1
Lyn Lapid,In My Mind,1
More Plastic,Sunrise,1
Morunas,Keep You Safe,1
Mullaha,For You Only - Original Mix,1
Myles Jaeger,Luscious,1
NAOMI,SPACE!,1
NAOMI,SPACE! - Slowed,1
Far Out,Lost with You,1
Far Out,Truest Lies (feat. Karra),1
Farruko,Pepas - Tiësto Remix,1
Never Forget Me,Timely,1
NF,PAID MY DUES,1
NORRA,Run,1
NTO,The Morning After,1
NTO,Time,1
Nao,Antidote (feat. Adekunle Gold),1
Naps,Best life,1
Natalie Jane,Seven,1
Naza,Moi je vérifie,1
Naza,Une histoire,1
Lost Sky,Vision pt. II,1
Louaminé,Lunar Rainbow,1
Lucas Riggio,Am Arbersee,1
Lost Frequencies,Are You With Me,1
Lost Sky,Carry On,1
Lost Sky,Dreams pt. II,1
Fuse ODG,Azonto,1
GAMPER & DADONI,Creep,1
GIMS,Bella,1
GIMS,Corazón (feat. Lil Wayne),1
GIMS,Hola Señorita,1
GIMS,J'me tire,1
GRAHAM,Back To You,1
GRAHAM,Deeper Than The Water,1
Near x Far,Not Enough,1
Fairlane,Wildfire,1
Fally Ipupa,Bad Boy (feat. Aya Nakamura),1
Falst,Want U,1
Far Out,Chains,1
Notaker,"Wake Up, You're Dreaming",1
OBOY,Je M'en Tape,1
Nick Ledesma,Surrender,1
Nick Ledesma,Where Are You,1
Nick Smith,Hold Up,1
Nicolas Binder,Berlin,1
Niels Wang,Flashing lights,1
Nightsirens,Wake Me Up,1
Niklas Dee,Around The World,1
Niklas Dee,Not Fair,1
Nil Martorell,Another One,1
Fairlane,Begin,1
Fairlane,Lights Out,1
Fairlane,Out Loud,1
Fairlane,Somewhere That I Belong,1
Lorenzo Balzotti,Forsaken Land,1
Lil Nas X,INDUSTRY BABY (feat. Jack Harlow),1
Lil Nas X,Old Town Road,1
Lil Nas X,Old Town Road (feat. Billy Ray Cyrus) - Remix,1
Lil Skies,I,1
Lil Tecca,SEASIDE (feat. iann dior),1
Linkin Park,Faint,1
LongestSoloEver,Stick Symphony (From Animation Vs. FNF),1
Fairlane,Take It Back,1
Nina Chuba,Mangos mit Chili,1
Ninho,Coco,1
Nolan Khan,Minuit à Paris,1
Nomra,Your Body,1
Nora En Pure,Aquatic,1
Nora En Pure,Reminiscing,1
Nora En Pure,Spring Embers,1
Nora Van Elken,Celestial,1
Eric Carmen The Non Binary Sandman,GOOF3D,1
Evan Ford,Thanks In Advance,1
Ogryzek,GLORY - Slowed,1
Ogryzek,GLORY - Sped Up,1
ODECORE,HYPNOTIC DATA - Slowed & Reverbed,1
ODESZA,A Moment Apart,1
OVSKY,Lucky Charm,1
OVSKY,See You,1
OVSKY,Sunshine,1
Ever So Blue,Sketches,1
FIFTY FIFTY,Cupid - Twin Ver. (FIFTY FIFTY) - Sped Up Version,1
FLOW,COLORS,1
Fabrizio Gallo,Fino Mornasco,1
Fairlane,Afraid of What's Inside,1
Li Zemin,Slowly 慢慢地,1
Lil Big Stack,Skibidi Toilet,1
GRAHAM,worth the wait,1
Gala,"Freed From Desire - prod. Molella, Phil Jay",1
Galantis,Dandelion,1
Gambi,PETETE,1
GameTunes,Oh No!,1
Ganja White Night,Abyss,1
Garden Collective,Neon Sky,1
Oblivion,Extension,1
OddKidOut,CINEMA,1
OddKidOut,MOON WALK,1
Ogryzek,AURA - Sped Up,1
Eminem,Stan,1
Enrique Granados,Goyescas (Suite): 3. El Fandango del Candil,1
Env,Pneumatic Tokyo,1
Ephixa,Matches,1
Eric Carmen The Non Binary Sandman,BaBABOOEY,1
Olakira,In My Maserati,1
Olamide,Uptown Disco,1
Oliver Tree,Miss You - Bonus Track,1
Olivia Rodrigo,Can’t Catch Me Now - from The Hunger Games: The Ballad of Songbirds & Snakes,1
Olivia Rodrigo,favorite crime,1
ENHYPEN,XO (Only If You Say Yes) (English Ver.) Feat. JVKE,1
Eagle Lake,Beaux rêves,1
"Earth, Wind & Fire",September,1
Eberina,Each glorious entity,1
Edvard Kravchuk,campfire,1
Eelke Kleijn,De Orde Van De Nacht,1
Ellen Wince,Idyllic garden,1
Lennart Schroot,Kuyenda,1
Leony,Your Way,1
GRAHAM,Graduate,1
GRAHAM,Pull You Closer,1
Oxlade,KU LO SA (with Camila Cabello),1
P C III,The Rise and Fall of Bossanova Section IV,1
PLEEG,June,1
Elline Day,Promises,1
Elliot Airest,Promises,1
Olivia Rodrigo,vampire,1
Omah Lay,attention (with Justin Bieber),1
OneRepublic,Counting Stars,1
OneRepublic,Hurt,1
OneRepublic,RUNAWAY,1
Dyan Dxddy,CUTE DEPRESSED,1
Dylan Gossett,Coal,1
Dynoro,In My Mind,1
EDDIE,Waiting,1
EDEN,and,1
EDX,Anamnesis,1
Drugdealer,Pictures of You,1
Dua Lipa,Dance The Night - From Barbie The Album,1
Duolingo,Owl on the Prowl (Duo's Always Watching You),1
Duster,Inside Out,1
Paige Boyd,MIRACLE,1
ELEVATION RHYTHM,PRAISES (remix),1
OneRepublic,Sink Or Swim,1
Oracle Sisters,Asc. Scorpio,1
Orbiter,Discovery,1
Orelsan,Basique,1
Orelsan,Tout va bien,1
Orlande de Lassus,Si du malheur,1
Other Nothing,Ww,1
Otto Noir,Tromsø,1
Outkast,"So Fresh, So Clean - Radio Mix",1
Oxlade,AWAY,1
Lasmid,Atele,1
Laufey,From The Start,1
Launch13,EL ACABADO FUNK,1
Laura Shigihara,Watery Graves - Slow Version,1
Lauv,Paris in the Rain,1
Lay Bankz,Tell Ur Girlfriend,1
Laylow,Gogo,1
Laylow,Vent de l'est,1
Le Rat,Cédric Doumbé,1
Le Rat,Toxic Love,1
Leah Kate,Twinkle Twinkle,1
PLEEG,Voyage,1
PLK,Nouvelles,1
PRAANA,Insight,1
PXLWYSE,Eu Sento Gabu!,1
Dr. Yaro,Minimum ça,1
Dominic Fike,Babydoll,1
Dominic Fike,Mona Lisa,1
Don Ready,2 Serious,1
Double-F the King,King,1
Parry Gripp,Raining Tacos,1
Passenger 10,Landing in Halifax,1
Patrick Watson,Je te laisserai des mots,1
Peter Plate,"Berlin, Berlin (feat. David Jakobs) (From ""Ku'damm 56: Das Musical"")",1
Peter Schilling,Major Tom (Völlig losgelöst) - 2022 Remaster,1
Phaera,Anthem Arcade,1
Pheelz,Pheelz Like Summer,1
Philipp Wolf,Owls - Edit,1
Phonk Killer,TOMA TOMA,1
Piano Vampire,Distraction Dance (The Henry Stickmin Collection) - Instrumental Version,1
Pierre de la Rue,Myn hert altyt heeft verlanghen I,1
Lartiste,Vai et viens,1
LOSTWIND,Run,1
LOSTWIND,When Did The Love Die,1
LSPLASH,Dawn Of The Doors,1
LSPLASH,Here I Come,1
LVTHER,Dots,1
LVTHER,Time Well Spent,1
LandBreaker,City Of Ghosts - Remix,1
LandBreaker,Last Time,1
LandBreaker,Sakura,1
Pink Sweat$,Nothing Feels Better,1
Dmitri Shostakovich,"Piano Sonata No. 2, Op. 61: I. Allegretto",1
Dmitri Shostakovich,"The Limpid Stream, Op. 39: Nocturne (Arr. for Piano)",1
Dobré,It's The Night,1
Doechii,DENIAL IS A RIVER,1
Dom Dolla,Saving Up,1
Domani Fendi,Sonata del Giardino,1
ROHY NK,Velogno,1
RSCL,Echo,1
Rad Cat,leave it all behind,1
Pixel Terror,Ultima,1
Pontiver Bogross,Frühlingsbach,1
Pop Smoke,Mannequin (feat. Lil Tjay),1
Pop Smoke,What You Know Bout Love,1
Porter Robinson,Fresh Static Snow - Last Island Remix,1
Porter Robinson,Look at the Sky,1
Praiz,Me and You,1
Praiz,Somebody,1
Dinosaur Jr.,In a Jar,1
Dion Timmer,Kibo,1
Disero,About Us,1
Disfigure,Losing Sleep,1
Glacier,Koki Chant,1
LONOWN,AVANGARD,1
LOSTWIND,Not Fear,1
Gazo,MAMI WATA,1
Georges Bizet,Carmen Suite No. 1: 5. Les toréadors,1
GhostDragon,halfway in love,1
Gia Margaret,Hinoki Wood,1
Gippeul,Red Sun In The Sky,1
Diviners,Feelings,1
Diviners,Guide You Home,1
Primex,LOYALTY - Slowed,1
Primex,NEON! - Slowed,1
Protostar,New Horizons,1
Puppet,Fuji Rock - Stessie Remix,1
Purple Disco Machine,Substitution (feat. Julian Perretta),1
QLM Jolem Sanchez,La Maca Rena,1
RODZILLA,Trigger Digger Skibidi Ni FUNK,1
RandJess,Rester des mômes,1
Rangga Jones,Call Me,1
Rascal Flatts,Life is a Highway,1
Raven & Kreyn,Biscuit,1
Devin Kennedy,Follow Through,1
Devin Kennedy,Star Crossed,1
Dhruv,moonlight,1
Diam's,La Boulette (Génération Nan Nan),1
Diamond Eyes,Flutter,1
Diane Arkenstone,Voice of the Sea,1
Didi Bhakti Prabha Ji,Shri Ramcharitmanas Prayog Ka Granth Hai,1
Didrick,Ready to Fly,1
Kyle Allen Music,You Have Been Distracted,1
Kyle Reynolds,Alone,1
L.A.X,Sempe - Acoustic,1
LOCKBOX,Atmosphere,1
Deepest,Relax,1
Deerhunter,Revival,1
Deon Custom,Roses,1
Devin Kennedy,Annie,1
Die Bibel,"Psalm, Vers 1-3",1
Dillon Francis,Say Less,1
Raven & Kreyn,So Happy,1
Rebecca Black,TRUST!,1
Rednex,Cotton Eye Joe,1
Regal Noise,Mistletoe Moon,1
Regina Spektor,Two Birds,1
Rema,Woman,1
Rezz,Someone Else,1
Ric Hassani,My Only Baby,1
Rich Edwards,For You,1
Rich Edwards,Where I'll Be Waiting - VIP Mix,1
Glacier,Warriors,1
Gorillaz,Empire Ants (feat. Little Dragon),1
Gorillaz,Feel Good Inc.,1
Gotye,Somebody That I Used To Know,1
Gradur,Ne reviens pas,1
Gradur,TI TI TI,1
Kovan,Summer Of Love,1
Koven,YES,1
Kristian Kamp,Fine,1
Kubbi,We Are Wired,1
Kungs,Never Going Home,1
Kygo,Higher Love,1
Kygo,It Ain't Me (with Selena Gomez),1
Rob Gasser,Whole - Rob Gasser Remix,1
Robert Schumann,"Kinderszenen, Op. 15: X. Fast zu ernst",1
Robin Thicke,Blurred Lines,1
Gyakie,Forever (Remix),1
Gyptian,Hold You - Hold Yuh,1
Kizz Daniel,Sooner,1
Klur,Entangled,1
Knock2,Make U SWEAT!,1
Konshens,Show Yourself,1
Glacier,Koki Chant - Similar Outskirts Remix,1
Glacier,Noctua,1
Rod Stewart,I Don't Want to Talk About It (with The Royal Philharmonic Orchestra),1
Rod Stewart,I Don't Want to Talk About It - 1989 Version,1
David Guetta,Never Going Home Tonight (feat. Madison Love),1
David Guetta,Titanium (feat. Sia) - David Guetta & MORTEN Future Rave Extended Mix,1
Davignon,Irenic,1
Day Blue,To Be Loved,1
Daya,Bad Girl - JVKE Remix,1
Glacier,Vantage,1
Ruger,Luv Again,1
Deaf Kev,Invincible Pt. II,1
Rogue,Rattlesnake,1
Romain Garcia,Waves,1
Romain Garcia,White Flag,1
Ron Flatter,Mantequilla - Original Mix,1
Rootkit,Feel Your Love,1
Rootkit,Isolate,1
Dardan,Dale,1
Dave,Location (feat. Burna Boy),1
David Guetta,Baby Don't Hurt Me,1
David Guetta,I Don't Wanna Wait - Band Version,1
David Guetta,Man In Finance (with David Guetta),1
Gryffin,Glitch In The Simulation (with salem ilese),1
Gunna,hakuna matata,1
Gunnel Boek,Persistence,1
Kes,Hello,1
Kesha,TiK ToK,1
Kevin Quinn,Awesome God / God Only Knows - Campfire Medley,1
KiDi,Golden Boy,1
KiDi,Touch It,1
Kiara Leonard,Dazzling Sun,1
Kirabuo,Caelum,1
Grant Bowtie,Cloud Nine,1
Gremwave,Good Enough?,1
Rootkit,Taking Me Higher,1
Rossy,Escape,1
Rotimi,Fiction (feat. Busy Signal),1
Rowen Ellis,Laurel Tree (Whispers),1
Roy Orbison,"Oh, Pretty Woman",1
Ruger,Calculate Love,1
Ruger,Jonzing Boy,1
DROELOE,Sunburn - Reimagined,1
DROELOE,Weird Machine,1
DTF,Me Gusta,1
Ruger,WeWe,1
Runtown,Mad Over You,1
Dada Life,Take Me Into Space,1
Daddy Yankee,Dura,1
Daddy Yankee,Limbo,1
Dadju,Bob Marley,1
Dadju,Compliqué,1
Daft Punk,Get Lucky (Radio Edit) [feat. Pharrell Williams and Nile Rodgers],1
Dalic,Lullaby,1
Dama,Anamalao,1
Daniil Le Russe,On Time,1
Russ,Seduce (Feat. Capella Grey & Tamae),1
Half an Orange,End of the Moon,1
Ken Carson,It’s Over,1
Kendrick Lamar,HUMBLE.,1
Kenya Grace,It's not fair,1
HILLEVI,Gratitude,1
HYBS,Tip Toe,1
Half an Orange,Around the World,1
Ruth B.,28 with Dean Lewis - LMR Remix,1
Ryan Mack,Only Human,1
S3BZS,MONTAGEM - PR FUNK,1
S4nri0,MAZKO - Slowed,1
SABAI,Another Life,1
SABAI,Daydream,1
DROELOE,Mundane Av.,1
DROELOE,Open Blinds,1
DROELOE,Push Through,1
DROELOE,Running Away,1
DYGO,FUNK INFERNAL (SLOWED),1
DYSTINCT,Tek Tek (feat. MHD),1
Dabin,In The End,1
Dabin,Worlds Away,1
SABAI,Save You,1
SEVENTEEN,Q&A,1
SLANDER,"Anywhere (feat. shYbeast, PLYA)",1
SLANDER,Getting Late (feat. Danni Carra),1
SLANDER,Potions,1
Harry Bloom,clouds at dawn,1
Hatik,La meilleure,1
Hayase Nagatoro,Gambare Gambare Senpai,1
Kaskade,Miles To Go,1
KeBlack,Bazardée,1
KeBlack,Boucan,1
Kelsey Breedlove,Honey From The Rock,1
Sam Brodie,Don't You Go,1
Sam Fischer,This City,1
Sans Souci,Nanika,1
SLANDER,You Don't Even Know Me,1
SMPLY T,cutie,1
SOLOMON,dehydrate,1
SPINALL,Bunda,1
SZA,BMF,1
DJ Balli,Audio Tweet 3,1
DJ Balli,Intro,1
DJ FKU,MTG - VINGANÇA,1
DJ JBK,EU SOU U FUNKY BEAR,1
DJ Khaled,Wild Thoughts (feat. Rihanna & Bryson Tiller),1
DJ Meek,De Menino Virou Little Hair,1
DJ Snake,Let Me Love You,1
DJ Tons,Always Remember Us This Way,1
CrossTheHeart,Too Late For Love,1
Cyndi Lauper,Time After Time,1
Céline Dion,I'm Alive,1
DESERT STAR,Empty Sky,1
DEXTER KING,Heartless,1
Conro,Just Like You,1
Conro,Midnight Lights,1
DROELOE,"A Current, A Void",1
DROELOE,BACKBONE,1
DROELOE,Bon Voyage,1
DROELOE,Collisions,1
DROELOE,Landscape,1
SZA,Saturn,1
SadBois,Happier Now,1
Said The Sky,Treading Water,1
Saint Clue,Come Alive,1
Sebastian Kamae,Q&A,1
Sekai,Running,1
Selena Gomez,Single Soon,1
Serani,No Games,1
Sevdaliza,Alibi (with Pabllo Vittar & Yseult),1
Seven Lions,Cold Skin,1
Cole Neumann,Secret Meadow,1
Colm R. McGuinness,Edge of the World (from AFK Journey),1
Complexive,Chatter Box,1
Connor Price,Spinnin,1
Sarz,Billions,1
SativaMusic,Si Si,1
Scythermane,BUFÓN!,1
Scythermane,NUNCA MUDA 2,1
Crayon,Ngozi,1
Creepa,Up,1
K-391,Earth,1
KAROL G,Si Antes Te Hubiera Conocido,1
KB Le Roi,Princesse,1
KEPIK,Prism Heart,1
Kabusa Oriental Choir,Soso,1
Kaivon,First Love,1
Hallman,Some Dreams Are Meant to Be Broken,1
Hallmore,Quite like You,1
Halsey,Without Me,1
Hamza,Nocif,1
Hanumankind,Big Dawgs,1
Conro,find u.,1
Constance Lucas,Metanoia,1
Costa Titch,Big Flexa,1
Courtney Barnett,Pedestrian At Best,1
Scythermane,NUNCA MUDA? - Sped Up,1
Coldplay,Paradise,1
Slushii,Sober,1
Connor Price,These Days,1
Conro,Every Little Thing,1
Seven Lions,Only Now,1
Seven Lions,Only Now (feat. Tyler Graves) - MitiS Remix,1
Shakira,Loca (feat. El Cata),1
SharaX,Impostor,1
Shawn Mendes,Stitches,1
Shawn Mendes,There's Nothing Holdin' Me Back,1
Shay,Jolie Go,1
Shenseea,Lighter (with Tarrus Riley & Rvssian),1
Siir,Pleasing People,1
Haywyre,Tell Me - Notaker Remix,1
Justine Nova,Gouttes de pluie,1
K'NAAN,Wavin' Flag - Coca-Cola® Celebration Mix,1
Soprano,Emprise,1
Soprano,Ninja,1
Soprano,Papa dis-moi,1
Silly Walks Discotheque,Maria,1
Sinclair,My Queen,1
Sj,Before I Loved You,1
Skeru,Photographic,1
Skinny Fabulous,Famalay,1
Slovak Philharmonic,"Requiem In D Minor, K. 626: Sequence: VI. Lacrimosa Dies Illa",1
Slow J,Tata,1
Slushii,Dancing With Myself,1
Clarx,Healing,1
Claude Debussy,"Children's Corner, CD 119: I. Doctor Gradus ad Parnassum",1
Clean Bandit,Rather Be (feat. Jess Glynne),1
Codeko,Cursed,1
Coldplay,My Universe,1
Chris Later,There's Nobody Else,1
Christopher Dicker,Something (Nothing),1
Christopher Martin,Paper Loving,1
Chuck New,Clear Skies - Original Mix,1
Chuck New,Music Inside - Original Mix,1
Spada,Cornetto,1
Smaven,Tsy maintsy faombany,1
Snareskin,Swiggity,1
So Sus,Not Me,1
Soap&Skin,Me and the Devil,1
Solomon France,Crisis,1
Solven,"It's Not You, It’s Me",1
Sonic Journey,Crying For Love,1
Soolking,Suavemente,1
Soprano,Bellingham,1
Soprano,Dingue,1
Stephen Sanchez,Until I Found You (with Em Beihold) - Em Beihold Version,1
Stephen Walking,Problems,1
Stereoclip,Airplane Lesson,1
Stereoclip,Sunset Drive,1
Charlie Puth,One Call Away,1
Charly Black,Gyal You A Party Animal - Remix,1
Charmaine D'Avis,Dans le noir,1
Chop Daily,Cocoa Butter,1
Chris Brown,Go Crazy,1
Soprano,Quoi qu'il arrive ça va aller,1
Sound Of Legend,I'm So Excited,1
Sound Of Legend,Some Kind Of Kiss,1
Soundz,Personal,1
Chris James,Not Angry,1
Chris James,Thrill of the Chase,1
Chris James,With or Without You,1
Jungeli,C’est toi (Kk Yo),1
Just A Gent,Iris in the Dark,1
Justin Bieber,Beauty And A Beat,1
Justin OH,Don't Bring Me Down,1
Justin OH,She's A Killer,1
Haywyre,With You - Prismo Remix,1
Helsloot,Never Leave,1
Henri Ratsimbazafy,Noho ilay fitiavana ihany,1
Henrik,Way back,1
Henry Moodie,pick up the phone,1
Hers Lake,Polychromatic,1
Haywyre,Endlessly,1
Haywyre,Stepping Stones,1
Spencer Brown,Phases,1
Sposato,Monki,1
StarBoy,"Soco (feat. Wizkid, Ceeza Milli, Spotless & Terri)",1
Heuss L'enfoiré,Saiyan,1
Highlnd,How To Love,1
Hikaru Shirosu,"Waltz No. 1 in B Minor, Collapse",1
Hoang,Gone,1
Hoang,Hard Part's Over,1
Hojean,Destiny,1
Julius Nilsson,City Prelude,1
June Freedom,Collabo,1
Chris Brown,Under The Influence,1
Steve Lacy,Dark Red,1
Stonebank,Diving In,1
Stonebank,Ripped To Pieces,1
Stonebank,What Are You Waiting For - VIP,1
Strings And Heart,if i don't got you,1
Strive to Be,If You Believe,1
Jungeli,Bijou,1
Carufo,Pulsar,1
Casimir Roux,It Rained Last Night,1
Caslow,Loveless Generation,1
Casting Crowns,Nobody (feat. Matthew West),1
Celesete Cooper,A Brighter Future,1
Central Cee,BAND4BAND (feat. Lil Baby),1
Central Cee,Doja,1
Chance Peña,Sleep Deprivation,1
Charles-Marie Widor,"Cinquième Symphonie, Op. 42, 1: V. Toccata",1
Joya Marleen,Softly Speaking,1
Juelz,HACKING THE GATE,1
Jul,Il pleut des balles,1
Jul,Oh qu'elle est belle,1
Julian Gray,Air,1
Heuse,Ignite,1
Heuse,That Night,1
Syence,a little bit bored [Feat. ruuth],1
Syence,all day all night,1
Syence,think about u,1
Stromae,moules frites,1
Sub Focus,Solar System,1
Subtact,Tunnel Vision,1
Sula Black,Letter Of Fervid,1
Sultan + Shepard,Salta,1
Calum Scott,Dancing On My Own,1
Camila Cabello,Bam Bam (feat. Ed Sheeran),1
Camila Cabello,Havana (feat. Young Thug),1
Camille Schneyder,Entre deux,1
Captainsparklez,Fallen Kingdom,1
Captainsparklez,Revenge,1
Carbonne,Tout va changer,1
Carmelito,Bird of Passage,1
THEODORT,Wayeh,1
TOKYOPHILE,AUTOMOTIVO BAYSIDE 2.0,1
TOKYOPHILE,Montagem Lunar Celestia 1.0 (SLOWED),1
TOKYOSLEEP,Phonk Para a Loucura,1
TWO LANES,Closer,1
Tails,Ghosted,1
Tails,Hyperventilate,1
Cartoon,Don't Be A Stranger,1
Sultan + Shepard,The Way,1
Summer Was Fun,Lost With You,1
Swedish House Mafia,Lioness,1
Swif7,All for Me,1
Swif7,Forever Broken,1
Syd Matters,To All of You,1
Syence,Firehazard,1
Syence,Nothing Left,1
John Mark Pantana,New Day,1
Johnny Stimson,On My Mind,1
Jon Batiste,Drink Water (feat. Jon Bellion and Fireboy DML),1
Jonas Gewald,Growth,1
Joseph O'Brien,Down In My Heart (Joy),1
Joseph O'Brien,Give Up On Love,1
Joseph O'Brien,like that you love me,1
Josiah Queen,Garden in Manhattan,1
Joya Marleen,It's Been a While,1
Joya Marleen,Next to you,1
Joya Marleen,Nightmare,1
Syn Cole,Drift,1
Syn Cole,Without it,1
Synthwave Goose,Mechanic Panic,1
Syzz,Gimme Gimme Gimme (a man after midnight),1
TALONS,Enemies - PatFromLastYear Remix,1
Teide,La Velata,1
Tails,No Sleep,1
Tale Of Us,Time - feat. Jules Buckley,1
Tall Towers,the echoing truth,1
Tamara Eden,Flowers,1
Tame Impala,The Less I Know The Better,1
Tanger,:3,1
CKay,by now,1
CKay,love nwantiti (feat. Dj Yo! & AX'EL) - Remix,1
CKay,mmadu,1
CKay,nwayi,1
CKay,samson and delilah (feat. Mayra Andrade),1
Cafe Disko,Love Is War,1
Caleb Gordon,I Choose You,1
Calogero,Face à la mer,1
Johann Sebastian Bach,"Wachet auf, ruft uns die Stimme, Cantata BWV 140: IV. ""Zion hört die Wächter singen""",1
CKay,HALLELUJAH (feat. Blaqbonez),1
Teni,Askamaya,1
Terry Zhong,Home Alright,1
Calum Bowen,Free Money,1
Taska Black,Losing Our Minds,1
Tate McRae,guilty conscience,1
Tate McRae,hurt my feelings,1
Tate McRae,plastic palm trees,1
Tay Iwar,Don't Lie,1
Tayc,P A S C O M M E Ç A,1
Tayc,Yimmy Yimmy,1
Taylor Swift,Cruel Summer,1
Taylor Swift,Fortnight (feat. Post Malone),1
Tears For Fears,Everybody Wants To Rule The World,1
Teddy Swims,Devil in a Dress,1
Teenage Mutants,Chaos - Rave Mix,1
Hozier,Work Song,1
HuBee,I Wanna Know,1
Hulvey,Altar,1
Hylna,C O N T I N U E ? ? ? (LYFER MEGA-OVERLOAD) - REMIX,1
Hylna,GRINDING YOUR DICK ON SATAN'S FAT TITS,1
Johann Sebastian Bach,"The Well-Tempered Clavier, Book 1: Prelude & Fugue No. 4 in C-Sharp Minor, BWV 849",1
Johann Sebastian Bach,"The Well-Tempered Clavier, Book 1: Prelude No. 1 in C Major BWV 846/1",1
Tekvision,spunky town,1
Tems,Me & U,1
ByAstral,Let's Go Gambling,1
C418,Aria Math,1
CG5,Dancin’,1
CG5,Sleep Well,1
CG5,You Have Been Distracted,1
CHPTR.,Burned,1
CKay,Felony,1
Tiakola,Meuda,1
Tharanee,"Symphony of the Crown, Pt. 1",1
The Alan Parsons Project,Eye In The Sky,1
The Chainsmokers,Call You Mine,1
The Chainsmokers,Family,1
The Living Tombstone,Cats,1
Bruno Mars,Smokin Out The Window,1
Burna Boy,Alone,1
Burna Boy,Glory (feat. Ladysmith Black Mambazo),1
Burna Boy,Higher,1
Busy Signal,Can't Get Enough,1
Johann Sebastian Bach,"Overture (Suite) No. 2 in B Minor, BWV 1067: V. Polonaise - Double",1
Johann Sebastian Bach,"Prelude & Fugue No. 2 in C Minor, BWV 847: Prelude",1
Johann Sebastian Bach,"Prelude & Fugue No. 3 in C-Sharp Major, BWV 848: Fugue No. 3 in C-Sharp Major, BWV 848",1
HoloZEN,Aura of Desire,1
Hotel Ugly,Shut up My Moms Calling (Sped up),1
Brook Xiao,Fire,1
Bruce Springsteen,Streets of Philadelphia - Single Edit,1
Bruno Coulais,Vois sur ton chemin,1
Bruno Mars,Locked out of Heaven,1
Bruno Mars,Marry You,1
The Millennial Club,complicated/overrated,1
The Millennial Club,feel the same - sped up,1
The Script,Hall of Fame (feat. will.i.am),1
The Trashmen,Surfin' Bird,1
The Weeknd,Starboy,1
TheFatRat,Monody,1
TheFatRat,Unity,1
Thee Sacred Souls,Can I Call You Rose?,1
Throttle,Cities - Acoustic,1
Throttle,I Walk This Earth All By Myself,1
Throttle,Weightless Feeling - Acoustic,1
Billie Eilish,when the party's over,1
Billy Joel,Allentown,1
Bishu,Behind Your Eyes,1
Bishu,ENEMY,1
Bishu,Solid Ground,1
Blanke,Used to Losing You,1
Tiakola,T.I.A - A COLORS SHOW,1
Tim Beeren,No Pressure,1
Tim Karlsen,Our Time Will Come,1
Bon Jovi,It's My Life,1
Brand New,Jesus Christ,1
Brandyn Burnette,vitamin c,1
Braxton,Voices,1
Brennan Wolf,Still Right Here,1
Brichapik & Randjess,Une lettre mon amour,1
Britt Lari,Say My Name,1
Johann Sebastian Bach,"Das wohltemperierte Klavier, Buch II: Präludium XI F-Dur, BWV 880",1
Johann Sebastian Bach,"Das wohltemperierte Klavier, Buch II: Präludium XII F-Moll, BWV 881",1
Johann Sebastian Bach,"Das wohltemperierte Klavier, Buch II: Präludium XIV S-Moll, BWV 883",1
Johann Sebastian Bach,"Das wohltemperierte Klavier, Buch II: Präludium XVI G-Moll, BWV 885",1
Johann Sebastian Bach,"Gottes Zeit ist die allerbeste Zeit, BWV 106 ""Actus tragicus"": I. Sonatina",1
Johann Sebastian Bach,"Ich bin vergnügt mit meinem Glücke, BWV 84: I. Aria ""Ich bin vergnügt mit meinem Glücke""",1
Johann Sebastian Bach,"Jesu, meine Freude, BWV 227: I. Choral ""Jesu, meine Freude""",1
Johann Sebastian Bach,"Komm, du süsse Todesstunde, BWV 161: I. Aria ""Komm, du süße Todesstunde""",1
Tinlicker,Hypnotised,1
TitoM,"Tshwala Bam (feat. S.N.E, EeQue)",1
Tiësto,10:35,1
Tokyo Machine,BUBBLES,1
Tokyo Machine,JOURNEY,1
Billie Eilish,Ocean Eyes - Astronomyy Remix,1
Billie Eilish,hotline (edit),1
Billie Eilish,lovely (with Khalid),1
Blaq Jerzee,Falling For U,1
Blaqbonez,WHISTLE (feat. Lojay & Amaarae),1
Bo Burnham,Microwave Popcorn,1
Tollef,Time With You,1
Benson Boone,Beautiful Things - Acoustic,1
Benson Boone,Coffee Cake,1
Benson Boone,Let Me Go,1
Benson Boone,Lovely Darling,1
Big Mj,Fety Be,1
Tom Wilson,Sometimes,1
Johann Sebastian Bach,"Das wohltemperierte Klavier, Buch II: Fuge X E-Moll, BWV 879",1
Johann Sebastian Bach,"Das wohltemperierte Klavier, Buch II: Fuge XII F-Moll, BWV 881",1
Johann Sebastian Bach,"Das wohltemperierte Klavier, Buch II: Fuge XVI G-Moll, BWV 885",1
Johann Sebastian Bach,"Das wohltemperierte Klavier, Buch II: Präludium IX E-Dur, BWV 878",1
Johann Sebastian Bach,"Das wohltemperierte Klavier, Buch II: Präludium VIII Dis-Moll, BWV 877",1
Johann Sebastian Bach,"Das wohltemperierte Klavier, Buch II: Präludium X E-Moll, BWV 879",1
Bamby,Run di place,1
Baq5,Wrapped Up - Original Mix,1
Barkérby,Long Distances,1
Bazzi vs.,Young & Alive - Bazzi vs. Haywyre Remix,1
Bebe Rexha,One in a Million,1
Beboite,DEUX BEAUX-FRÈRES,1
Ben Böhmer,Beyond Beliefs,1
Ben Böhmer,Maelstrom,1
Tones And I,Dance Monkey,1
Tonic Walter,Falling,1
Tonic Walter,Into The Night,1
Tonic Walter,Stay There,1
Township Rebellion,Chaos,1
TrashAssMusic,NIGGA,1
Travis Scott,BUTTERFLY EFFECT,1
Trinidad Cardona,Dinero,1
Jeremy Blake,Through the Crystal,1
Jervis Campbell,Find You,1
Jesse Porter,Promenade,1
Jet Trouble,Though None Go,1
Jet Trouble,Where To Find Me,1
Jhung,ALWAYS THE END,1
Johann Sebastian Bach,"Bach: Prelude in B minor, BWV 855a (Arr. by Alexander Siloti)",1
Johann Sebastian Bach,"Das wohltemperierte Klavier, Buch II: Fuge IX E-Dur, BWV 878",1
Johann Sebastian Bach,"Das wohltemperierte Klavier, Buch II: Fuge VIII Dis-Moll, BWV 877",1
Trinix,Emorio,1
Trinix,She Said (Big Jet Plane),1
Trinix,The Magic Key,1
Tritonal,From The Inside (Tritonia 500),1
Bad Computer,Voyage,1
Bad Computer,Your Spell,1
Bakermat,Baianá,1
Backstreet Boys,As Long as You Love Me,1
Bad Computer,Truth,1
Uglyburger0,Saturday Theme,1
Ben Böhmer,Strangers,1
Trivecta,Drinking Like Kings (feat. Woodlock),1
Trivecta,Everyday (feat. Rico & Miella),1
Trivecta,Leave The Light On,1
Trivecta,Make It Better,1
Trivecta,Open Road (feat. Rico & Miella),1
Trivecta,Talk (feat. Bright Sparks),1
Trivecta,Wasteland,1
Trois Cafés Gourmands,À nos souvenirs,1
Tsu Nami,eye2eye - Jai Wolf Remix,1
Tyla,ART,1
Tyla,Truth or Dare,1
Jeremy Blake,Powerup!,1
Unknown Brain,Oh Darling,1
Unknown Brain,Roots,1
Unknown Brain,Say Goodbye,1
Vacra,Confidences,1
Vacra,Tiki Taka,1
Vanilla Ice,Ice Ice Baby,1
Vaughn Harrison,Hammock,1
"Tyler, The Creator",See You Again (feat. Kali Uchis),1
U2,With Or Without You,1
UB40,Kingston Town,1
UB40,Red Red Wine,1
BNXN,PRAY,1
BONNIE X CLYDE,Live a Little (Remix),1
BOY,New York,1
BRKLYN,Things I've Learned,1
Babyboy AV,No Dey Form,1
HyunA,Q&A,1
ILLENIUM,Fractures,1
ILLENIUM,It’s All on U,1
ILLENIUM,Lost,1
ILLENIUM,Sleepwalker,1
Iben Haugen,Minder,1
Icehunt,Hold For Now,1
Idina Menzel,Show Yourself,1
Imagine Dragons,Believer,1
Uglyburger0,Sunday Theme,1
Uglyburger0,Thursday Theme,1
Unknown Brain,Dance With Me,1
Unknown Brain,Don't Bother,1
Unknown Brain,Faceless,1
Unknown Brain,Inspiration,1
Unknown Brain,Jungle of Love,1
Vegedream,Ma Go Sure,1
Veres,I See Colors,1
Vicetone,Barcelona Nights,1
Vicetone,Dive In,1
Vicetone,Elevate,1
Vicetone,I Hear You,1
Aya Nakamura,Sucette (feat. Niska),1
Aya Nakamura,Ça fait mal,1
BBG's,Tell A Story,1
BEAUZ,Crazy,1
BEAUZ,Red,1
Jawsh 685,Savage Love (Laxed - Siren Beat),1
Jax,u love u (feat. JVKE),1
Jaymes Young,Infinity,1
Jazzos,Thick Of It (1950s Blues & Jazz),1
Hylna,horns,1
Vybz Kartel,Summer Tiime,1
Víolet Dawn,Airglow,1
Auðura,Orange Sky,1
Avenged Sevenfold,Fiction,1
Axell 4X,Through The Stars,1
Axol,Remember,1
Victony,Outlaw,1
Victony,Risk,1
Victor Ray,Comfortable,1
Vincent Lagaf',Bo le lavabo,1
Aya Nakamura,Chérie,1
Aya Nakamura,Fly,1
Aya Nakamura,Nirvana,1
Aya Nakamura,Plus Jamais (feat. Stormzy),1
Aya Nakamura,SMS,1
Vindata,One Time,1
James Bay,Let It Go,1
Jamie Miller,Here's Your Perfect,1
Jamie Miller,Maybe Next Time,1
Jan Blomqvist,Elephant Shunned - Solee Remix,1
Janet Bolt,O Soave Fanciulla,1
Jared Minnix,Hydroplane (Remix),1
Jartisto,Bundle of Joy,1
Jartisto,First Day of School,1
Jartisto,We Can Still Stop Her (Lullaby),1
Jason Derulo,Acapulco,1
Jason Derulo,"Colors - Coca-Cola® Anthem, 2018 FIFA World CupTM",1
Vintage & Morelli,Dreamers,1
Vitaa,Game Over,1
Vitaa,Je te le donne,1
Vitaa,Ça va ça vient,1
Vybz Kartel,Fever,1
Asake,Ototo,1
Axollo,Silence,1
Aya Nakamura,40%,1
Aya Nakamura,Bobo,1
Asketa & Natan Chaim,History - Bancali Remix,1
Asketa & Natan Chaim,More,1
Astra,Time to Fly - Feerty Remix,1
Astraye,Slipping Away,1
Auvic,Fugue Arts,1
WSTRN,Wonder Woman,1
Walk off the Earth,The Journey Starts Today (Theme from Pokémon Journeys),1
Wande Coal,Jabo (feat. Fireboy DML),1
Wande Coal,Nobody Holy,1
Jagsy,Inside,1
Jahyanai,Bruk It Off,1
Jahyanai,Sa to ka wè,1
Insan3lik3,Tremble,1
Jackie-O,Show Yourself (Among Us),1
Jafiki,WellerHub,1
Warriyo,Dunes,1
Wawa Salegy,400 volts,1
Wejdene,Je t’aime de ouf,1
Wendie Solomon,The Way Home,1
Werenoi,Chaleur,1
Whales,Poisons,1
Whitney Houston,I Will Always Love You,1
Wild Cards,Lost Time,1
Armin van Buuren,Blah Blah Blah,1
Arndt Goudier,durch Nacht und Nebel,1
AronChupa,I'm an Albatraoz,1
Asake,MMS,1
Asake,Omo Ope (feat. Olamide),1
Asake,Wave,1
William Black,Butterflies,1
William Black,Need You Now - Cinema Kid Remix,1
Wind Walkers,Losing My Color,1
Wizkid,Kese (Dance),1
Wowkie Da,我怎麼這麼好看！,1
Wurme,We're in Heaven,1
YUQI,FREAK,1
JAMIIE,Unfold Me,1
JVKE,this is what falling in love feels like - Leon Leiden Remix,1
JYEUHAIR,Peace - Nouvelle École,1
Jack Harlow,Lovin On Me,1
Jack Johnson,Upside Down,1
Indila,Dernière danse,1
Indila,Tourner Dans Le Vide,1
Insan3lik3,Go Ballistic,1
Antoine Di Luzio,Open Wings To Fly,1
Anyma,Hypnotized (feat. Ellie Goulding),1
ZeratoR,Ils m'ont tous saoulé,1
Young Jonn,Stronger,1
Young Jonn,Xtra Cool,1
Young T & Bugsey,Don't Rush (feat. Headie One),1
Youssoupha,On se connaît,1
ZAYN,Dusk Till Dawn (feat. Sia) - Radio Edit,1
ZODIVK,DERNIERE DANCE FUNK,1
Arcando,Cinema,1
Arcane,Ma Meilleure Ennemie (from the series Arcane League of Legends),1
Ariana Grande,positions,1
Ariana Grande,we can't be friends (wait for your love),1
Ariana Grande,"yes, and?",1
Arina Ferora,Over The Misty Meadows,1
ZOE Music,Somebody,1
Ir Sais,Dream Girl,1
Isaak Young,Keeping it together,1
Isabelle Taylor,am Horizont,1
ItsArius,Cornfield Chase,1
J.Tajor,Lie With Me,1
J.Tajor,Wait For Me,1
Zach Bryan,Oklahoma Smokeshow,1
Zack Gray,What It Used To Be,1
Zaho,Tourner la page,1
Zedd,Stay,1
Amélie Doret,Transitions,1
Andrew Spellman,reverie - before saudade remix,1
Andy Mineo,Remind Me,1
Anevo,Electric Heart,1
Anna Yvette,Echoes,1
Anne-Marie,UNHEALTHY (feat. Shania Twain),1
fwd/slash,Aural Therapy,1
inverness,State of Wonder,1
jahmiel,U Me Luv,1
Zubi,sugar,1
bbno$,edamame,1
beabadoobee,the perfect pair,1
dwilly,ugh!,1
Alex Skrindo,Speedhunter,1
Alex Warren,Ordinary,1
Alex Yurkiv,Take Me to the River (I Will Swim),1
Alexander Stewart,blame's on me,1
Alexis Pavot,Après tout,1
Alicia Keys,If I Ain't Got You,1
Alien,Demain,1
JVKE,Home,1
JVKE,golden hour - minlee remix,1
Aeden,Take It or Leave It,1
Aero Chord,Shadows,1
Aestivum,Seeds Of Life,1
Afinity,Without Me,1
Alok,Jungle,1
Alva Brunel,Study for Proun,1
Alvaro Pascoal,Armagnac,1
Ambrosiae,Forevermore,1
Afro B,Condo,1
Agents Of Time,Zodiac,1
Aiobahn,All or Nothing,1
Albin Svensson,Final Thoughts,1
Aldenosaur,Henry Stickmin Diversion - Aldenosaur Remix,1
Alec Benjamin,I Sent My Therapist To Therapy,1
Alec Benjamin,Ways To Go (feat. Khalid),1
Alex G,Mis,1
0to8,in ohio,1
melvitto,Wait For You (feat. Oxlade),1
oco.,Virtual Bloom,1
rhianne,Somewhere Only We Know,1
shae,Anybody,1
Adam La Nuit,L'épine,1
Adam Pearce,Need You,1
Adam Port,Move,1
Adam Waldau,Transparency,1
Adekunle Gold,AG Baby,1
Adekunle Gold,Do You Mind?,1
ACRAZE,Do It To It,1
AK 33,Nique la police,1
tsubi club,laced up,1
vaultboy,everything sucks,1
vaultboy,take the hit,1
Madeon,No Fear No More,1
Forrest Frank,DIGGIN U,1
Forrest Frank,GOD IS GOOD,1
Forrest Frank,HALLELUJAH,1
Forrest Frank,LIFT MY HANDS,1
Forrest.,slow down,1
AK AUSSERKONTROLLE,Berlin,1
ANDROMEDA,LOVE**,1
ANDROMEDA,NO FEAR!,1
ATRIP,Popsicle,1
A_A_RonHD,Dead Body Reported [Among Us] - Remix,1
Abandoned,Do It All Again,1
slone,wish u were gone.,1
smle,Haunted,1
Öwnboss,Move Your Body,1
Øneheart,snowfall,1
